ts,symbol,side,cash_flow,cash_balance
2024-01-03 16:35:00+00:00,XAUUSD,sell,20.33145,20.33145
2024-01-03 18:45:00+00:00,XAUUSD,buy,-20.361451676878858,-0.030001676878857353
2024-01-04 11:40:00+00:00,XAUUSD,sell,20.47295,20.442948323121144
2024-01-04 12:00:00+00:00,XAUUSD,buy,-20.449057037378733,-0.006108714257589298
2024-01-05 17:30:00+00:00,XAUUSD,sell,20.4068,20.40069128574241
2024-01-05 18:40:00+00:00,XAUUSD,buy,-20.4601574595755,-0.059466173833087055
2024-01-12 18:10:00+00:00,XAUUSD,buy,-20.45555,-20.515016173833086
2024-01-15 01:10:00+00:00,XAUUSD,sell,20.4833,-0.031716173833086
2024-01-16 10:25:00+00:00,XAUUSD,sell,20.4004,20.368683826166915
2024-01-16 13:10:00+00:00,XAUUSD,buy,-20.34684255409083,0.02184127207608455
2024-01-16 16:00:00+00:00,XAUUSD,sell,20.3615,20.383341272076084
2024-01-16 17:05:00+00:00,XAUUSD,buy,-20.270694670490187,0.11264660158589734
2024-01-16 18:25:00+00:00,XAUUSD,buy,-20.26795,-20.1553033984141
2024-01-16 18:50:00+00:00,XAUUSD,sell,20.24456811978614,0.08926472137203945
2024-01-16 19:45:00+00:00,XAUUSD,buy,-20.28745,-20.19818527862796
2024-01-17 01:45:00+00:00,XAUUSD,sell,20.2971,0.09891472137204005
2024-01-17 02:30:00+00:00,XAUUSD,sell,20.2863,20.38521472137204
2024-01-17 05:20:00+00:00,XAUUSD,buy,-20.19443927357651,0.1907754477955308
2024-01-18 07:20:00+00:00,XAUUSD,sell,20.1165,20.30727544779553
2024-01-18 12:05:00+00:00,XAUUSD,buy,-20.14399633413208,0.1632791136634495
2024-01-19 06:20:00+00:00,XAUUSD,buy,-20.225415,-20.062135886336552
2024-01-19 07:20:00+00:00,XAUUSD,sell,20.26117887351535,0.19904298717879954
2024-01-19 08:45:00+00:00,XAUUSD,buy,-20.2861,-20.0870570128212
2024-01-19 12:00:00+00:00,XAUUSD,sell,20.336922156648843,0.24986514382764113
2024-01-19 19:00:00+00:00,XAUUSD,buy,-20.2842,-20.034334856172357
2024-01-22 00:25:00+00:00,XAUUSD,sell,20.26696446977624,0.23262961360388346
2024-01-22 12:15:00+00:00,XAUUSD,buy,-20.274515,-20.041885386396117
2024-01-22 13:15:00+00:00,XAUUSD,sell,20.2518706589624,0.20998527256628208
2024-01-22 16:00:00+00:00,XAUUSD,sell,20.22795,20.437935272566282
2024-01-22 22:00:00+00:00,XAUUSD,buy,-20.215,0.2229352725662821
2024-01-23 05:00:00+00:00,XAUUSD,buy,-20.28615,-20.063214727433717
2024-01-23 06:55:00+00:00,XAUUSD,sell,20.32561239140924,0.26239766397552344
2024-01-23 21:30:00+00:00,XAUUSD,buy,-20.291135,-20.028737336024477
2024-01-23 23:25:00+00:00,XAUUSD,sell,20.278362549392416,0.24962521336793841
2024-01-24 07:15:00+00:00,XAUUSD,buy,-20.28455,-20.03492478663206
2024-01-24 09:40:00+00:00,XAUUSD,sell,20.341171177928302,0.3062463912962414
2024-01-24 17:00:00+00:00,XAUUSD,buy,-20.1695,-19.863253608703758
2024-01-24 19:25:00+00:00,XAUUSD,sell,20.11650927766504,0.2532556689612804
2024-01-24 20:40:00+00:00,XAUUSD,sell,20.12705,20.38030566896128
2024-01-24 21:50:00+00:00,XAUUSD,buy,-20.13718640916968,0.24311925979160165
2024-01-25 07:55:00+00:00,XAUUSD,sell,20.158115,20.4012342597916
2024-01-25 08:15:00+00:00,XAUUSD,buy,-20.1316756462656,0.2695586135260015
2024-01-25 09:05:00+00:00,XAUUSD,sell,20.133665,20.403223613526002
2024-01-25 09:35:00+00:00,XAUUSD,buy,-20.157034458148743,0.24618915537725883
2024-01-26 04:30:00+00:00,XAUUSD,buy,-20.22295,-19.976760844622742
2024-01-26 07:10:00+00:00,XAUUSD,sell,20.21085047339781,0.23408962877506667
2024-01-26 09:40:00+00:00,XAUUSD,buy,-20.2073,-19.973210371224933
2024-01-26 13:30:00+00:00,XAUUSD,sell,20.259656183405905,0.28644581218097187
2024-01-26 15:30:00+00:00,XAUUSD,buy,-20.192985,-19.90653918781903
2024-01-26 16:10:00+00:00,XAUUSD,sell,20.161123282252,0.25458409443297114
2024-01-26 17:40:00+00:00,XAUUSD,sell,20.17105,20.425634094432972
2024-01-26 20:25:00+00:00,XAUUSD,buy,-20.18377170743798,0.24186238699499185
2024-01-29 06:05:00+00:00,XAUUSD,buy,-20.2671,-20.025237613005007
2024-01-29 06:55:00+00:00,XAUUSD,sell,20.290256405379267,0.26501879237425996
2024-01-29 07:50:00+00:00,XAUUSD,sell,20.3149,20.57991879237426
2024-01-29 10:40:00+00:00,XAUUSD,buy,-20.26122656306623,0.31869222930803076
2024-01-29 13:20:00+00:00,XAUUSD,buy,-20.3041,-19.985407770691967
2024-01-29 13:40:00+00:00,XAUUSD,sell,20.34933168265775,0.3639239119657809
2024-01-29 14:15:00+00:00,XAUUSD,sell,20.35275,20.71667391196578
2024-01-29 14:30:00+00:00,XAUUSD,buy,-20.300099940617294,0.4165739713484875
2024-01-29 17:15:00+00:00,XAUUSD,buy,-20.28505,-19.86847602865151
2024-01-29 18:20:00+00:00,XAUUSD,sell,20.26415178120921,0.3956757525577004
2024-01-29 18:45:00+00:00,XAUUSD,sell,20.25785,20.6535257525577
2024-01-29 19:05:00+00:00,XAUUSD,buy,-20.271313045208228,0.3822127073494741
2024-02-02 15:55:00+00:00,XAUUSD,buy,-20.350700000000003,-19.96848729265053
2024-02-02 21:55:00+00:00,XAUUSD,sell,20.39865,0.4301627073494707
2024-02-05 02:20:00+00:00,XAUUSD,sell,20.36245,20.79261270734947
2024-02-05 03:20:00+00:00,XAUUSD,buy,-20.307000175891,0.48561253145846806
2024-02-07 06:55:00+00:00,XAUUSD,buy,-20.33565,-19.850037468541533
2024-02-07 07:30:00+00:00,XAUUSD,sell,20.36007545147656,0.5100379829350281
2024-02-07 09:25:00+00:00,XAUUSD,buy,-20.341,-19.830962017064973
2024-02-07 12:10:00+00:00,XAUUSD,sell,20.32552589031806,0.49456387325308526
2024-02-07 14:40:00+00:00,XAUUSD,buy,-20.4037,-19.909136126746915
2024-02-07 20:40:00+00:00,XAUUSD,sell,20.35475,0.4456138732530839
2024-02-08 04:15:00+00:00,XAUUSD,buy,-20.335355,-19.889741126746916
2024-02-08 04:45:00+00:00,XAUUSD,sell,20.32458837201826,0.43484724527134233
2024-02-08 05:55:00+00:00,XAUUSD,buy,-20.335935,-19.901087754728657
2024-02-08 07:45:00+00:00,XAUUSD,sell,20.320404877818568,0.4193171230899111
2024-02-08 09:35:00+00:00,XAUUSD,buy,-20.31565,-19.89633287691009
2024-02-08 09:45:00+00:00,XAUUSD,sell,20.336925321705973,0.44059244479588244
2024-02-08 13:20:00+00:00,XAUUSD,buy,-20.2638,-19.823207555204117
2024-02-08 13:30:00+00:00,XAUUSD,sell,20.229660720717835,0.40645316551371735
2024-02-08 18:00:00+00:00,XAUUSD,buy,-20.34045,-19.933996834486283
2024-02-09 00:00:00+00:00,XAUUSD,sell,20.3377,0.40370316551371843
2024-02-09 01:20:00+00:00,XAUUSD,buy,-20.346615,-19.94291183448628
2024-02-09 07:20:00+00:00,XAUUSD,sell,20.34035,0.39743816551371935
2024-02-09 15:05:00+00:00,XAUUSD,buy,-20.2641,-19.86666183448628
2024-02-09 15:20:00+00:00,XAUUSD,sell,20.227230504341563,0.360568669855283
2024-02-09 17:05:00+00:00,XAUUSD,buy,-20.2249,-19.86433133014472
2024-02-11 23:00:00+00:00,XAUUSD,sell,20.267520873116016,0.4031895429712975
2024-02-12 01:10:00+00:00,XAUUSD,sell,20.24675,20.649939542971296
2024-02-12 07:10:00+00:00,XAUUSD,buy,-20.23515,0.41478954297129533
2024-02-12 08:45:00+00:00,XAUUSD,sell,20.247300000000003,20.662089542971298
2024-02-12 13:20:00+00:00,XAUUSD,buy,-20.274838342899525,0.3872512000717734
2024-02-13 13:30:00+00:00,XAUUSD,sell,20.15645,20.543701200071773
2024-02-13 19:30:00+00:00,XAUUSD,buy,-19.92065,0.6230512000717745
2024-02-14 02:10:00+00:00,XAUUSD,sell,19.9235,20.546551200071775
2024-02-14 02:20:00+00:00,XAUUSD,buy,-19.917794312318964,0.6287568877528109
2024-02-14 02:35:00+00:00,XAUUSD,sell,19.9156,20.544356887752812
2024-02-14 08:30:00+00:00,XAUUSD,buy,-19.87019197258778,0.6741649151650329
2024-02-15 03:20:00+00:00,XAUUSD,sell,19.925635,20.599799915165033
2024-02-15 03:45:00+00:00,XAUUSD,buy,-19.90879180772923,0.6910081074358025
2024-02-15 13:30:00+00:00,XAUUSD,sell,19.9593,20.6503081074358
2024-02-15 13:35:00+00:00,XAUUSD,buy,-20.00816520955271,0.6421428978830903
2024-02-15 14:30:00+00:00,XAUUSD,buy,-20.0762,-19.43405710211691
2024-02-15 15:35:00+00:00,XAUUSD,sell,20.011288200576363,0.5772310984594533
2024-02-16 01:25:00+00:00,XAUUSD,buy,-20.0395,-19.462268901540547
2024-02-16 07:25:00+00:00,XAUUSD,sell,20.04975,0.5874810984594525
2024-02-19 11:35:00+00:00,XAUUSD,sell,20.183865,20.771346098459453
2024-02-19 12:45:00+00:00,XAUUSD,buy,-20.163861146326138,0.6074849521333157
2024-02-19 14:20:00+00:00,XAUUSD,buy,-20.173735,-19.566250047866685
2024-02-19 15:40:00+00:00,XAUUSD,sell,20.159614274965325,0.5933642270986397
2024-02-20 02:25:00+00:00,XAUUSD,buy,-20.183205,-19.58984077290136
2024-02-20 07:20:00+00:00,XAUUSD,sell,20.21778805242632,0.6279472795249603
2024-02-20 08:15:00+00:00,XAUUSD,buy,-20.222965,-19.595017720475038
2024-02-20 10:20:00+00:00,XAUUSD,sell,20.25347782746328,0.6584601069882403
2024-02-20 14:00:00+00:00,XAUUSD,sell,20.286,20.94446010698824
2024-02-20 20:00:00+00:00,XAUUSD,buy,-20.24125,0.7032101069882408
2024-02-20 21:20:00+00:00,XAUUSD,buy,-20.246885,-19.543674893011758
2024-02-20 21:40:00+00:00,XAUUSD,sell,20.24115900753324,0.6974841145214832
2024-02-21 20:35:00+00:00,XAUUSD,buy,-20.25935,-19.561865885478518
2024-02-22 02:35:00+00:00,XAUUSD,sell,20.271700000000003,0.7098341145214846
2024-02-23 02:25:00+00:00,XAUUSD,sell,20.2592,20.969034114521484
2024-02-23 05:40:00+00:00,XAUUSD,buy,-20.22592445731665,0.7431096572048332
2024-02-23 06:45:00+00:00,XAUUSD,buy,-20.2066,-19.46349034279517
2024-02-23 09:20:00+00:00,XAUUSD,sell,20.18003719414053,0.7165468513453632
2024-02-23 13:20:00+00:00,XAUUSD,sell,20.2645,20.981046851345365
2024-02-23 15:55:00+00:00,XAUUSD,buy,-20.2914258991847,0.6896209521606664
2024-02-23 16:20:00+00:00,XAUUSD,buy,-20.34275,-19.653129047839332
2024-02-25 23:20:00+00:00,XAUUSD,sell,20.349535,0.6964059521606671
2024-02-26 01:20:00+00:00,XAUUSD,buy,-20.32685,-19.630444047839333
2024-02-26 07:20:00+00:00,XAUUSD,sell,20.343085,0.7126409521606654
2024-02-26 15:40:00+00:00,XAUUSD,buy,-20.28495,-19.572309047839333
2024-02-26 21:40:00+00:00,XAUUSD,sell,20.312415,0.7401059521606683
2024-02-27 10:55:00+00:00,XAUUSD,buy,-20.3651,-19.624994047839333
2024-02-27 14:05:00+00:00,XAUUSD,sell,20.345560458920456,0.7205664110811227
2024-02-27 17:50:00+00:00,XAUUSD,buy,-20.322615,-19.602048588918876
2024-02-27 19:45:00+00:00,XAUUSD,sell,20.296695531282506,0.6946469423636294
2024-02-27 20:40:00+00:00,XAUUSD,buy,-20.301435,-19.606788057636372
2024-02-28 01:40:00+00:00,XAUUSD,sell,20.32920005366746,0.722411996031088
2024-02-28 02:00:00+00:00,XAUUSD,sell,20.3265,21.048911996031087
2024-02-28 02:40:00+00:00,XAUUSD,buy,-20.30694941296591,0.7419625830651775
2024-02-28 03:10:00+00:00,XAUUSD,sell,20.3059,21.04786258306518
2024-02-28 03:30:00+00:00,XAUUSD,buy,-20.3169308956476,0.7309316874175771
2024-02-28 03:50:00+00:00,XAUUSD,sell,20.31015,21.041081687417577
2024-02-28 06:05:00+00:00,XAUUSD,buy,-20.32000937570545,0.7210723117121276
2024-02-28 15:25:00+00:00,XAUUSD,buy,-20.331885,-19.610812688287872
2024-02-28 21:25:00+00:00,XAUUSD,sell,20.337200000000003,0.7263873117121307
2024-02-29 01:35:00+00:00,XAUUSD,buy,-20.3581,-19.63171268828787
2024-02-29 07:35:00+00:00,XAUUSD,sell,20.3756,0.743887311712129
2024-02-29 08:05:00+00:00,XAUUSD,sell,20.361,21.10488731171213
2024-02-29 10:20:00+00:00,XAUUSD,buy,-20.331904646346285,0.7729826653658449
2024-02-29 11:30:00+00:00,XAUUSD,sell,20.3075,21.080482665365846
2024-02-29 12:20:00+00:00,XAUUSD,buy,-20.28871923678089,0.7917634285849573
2024-02-29 12:35:00+00:00,XAUUSD,buy,-20.298405,-19.50664157141504
2024-02-29 13:25:00+00:00,XAUUSD,sell,20.3345998595461,0.8279582881310574
2024-02-29 14:40:00+00:00,XAUUSD,buy,-20.4986,-19.670641711868942
2024-02-29 14:50:00+00:00,XAUUSD,sell,20.47379625442821,0.8031545425592661
2024-02-29 15:35:00+00:00,XAUUSD,buy,-20.4933,-19.690145457440735
2024-02-29 16:10:00+00:00,XAUUSD,sell,20.46186656744228,0.7717211100015433
2024-03-01 01:35:00+00:00,XAUUSD,buy,-20.443215,-19.671493889998455
2024-03-01 02:40:00+00:00,XAUUSD,sell,20.458651613594338,0.7871577235958824
2024-03-01 03:10:00+00:00,XAUUSD,buy,-20.46155,-19.674392276404117
2024-03-01 05:05:00+00:00,XAUUSD,sell,20.450272417346067,0.7758801409419505
2024-03-01 11:35:00+00:00,XAUUSD,buy,-20.5683,-19.79241985905805
2024-03-01 12:45:00+00:00,XAUUSD,sell,20.53724104427427,0.744821185216221
2024-03-04 02:25:00+00:00,XAUUSD,buy,-20.818385,-20.07356381478378
2024-03-04 07:45:00+00:00,XAUUSD,sell,20.869176159715764,0.7956123449319854
2024-03-05 02:30:00+00:00,XAUUSD,buy,-21.131335,-20.335722655068015
2024-03-05 05:20:00+00:00,XAUUSD,sell,21.16825579977805,0.8325331447100339
2024-03-05 05:30:00+00:00,XAUUSD,buy,-21.171915,-20.339381855289965
2024-03-05 06:45:00+00:00,XAUUSD,sell,21.15277675325137,0.8133948979614054
2024-03-05 14:10:00+00:00,XAUUSD,buy,-21.303965,-20.490570102038596
2024-03-05 20:10:00+00:00,XAUUSD,sell,21.292900000000003,0.8023298979614069
2024-03-07 03:50:00+00:00,XAUUSD,buy,-21.523215,-20.720885102038594
2024-03-07 04:00:00+00:00,XAUUSD,sell,21.578727251961496,0.8578421499229023
2024-03-07 12:00:00+00:00,XAUUSD,buy,-21.5699,-20.712057850077098
2024-03-07 12:35:00+00:00,XAUUSD,sell,21.54457389090556,0.8325160408284624
2024-03-07 12:50:00+00:00,XAUUSD,buy,-21.5818,-20.74928395917154
2024-03-07 14:30:00+00:00,XAUUSD,sell,21.537402568752224,0.7881186095806854
2024-03-07 17:10:00+00:00,XAUUSD,buy,-21.583245,-20.795126390419316
2024-03-07 23:10:00+00:00,XAUUSD,sell,21.59445,0.7993236095806822
2024-03-11 03:05:00+00:00,XAUUSD,buy,-21.78525,-20.98592639041932
2024-03-11 07:55:00+00:00,XAUUSD,sell,21.821419865568902,0.8354934751495833
2024-03-11 11:30:00+00:00,XAUUSD,buy,-21.78035,-20.944856524850415
2024-03-11 13:05:00+00:00,XAUUSD,sell,21.762909291579074,0.818052766728659
2024-03-12 08:55:00+00:00,XAUUSD,buy,-21.77875,-20.96069723327134
2024-03-12 10:00:00+00:00,XAUUSD,sell,21.75824195424609,0.7975447209747486
2024-03-12 13:30:00+00:00,XAUUSD,sell,21.60675,22.40429472097475
2024-03-12 19:30:00+00:00,XAUUSD,buy,-21.55225,0.8520447209747495
2024-03-13 14:20:00+00:00,XAUUSD,buy,-21.685435,-20.83339027902525
2024-03-13 17:15:00+00:00,XAUUSD,sell,21.793392961740587,0.9600026827153378
2024-03-13 18:50:00+00:00,XAUUSD,sell,21.7494,22.70940268271534
2024-03-14 00:50:00+00:00,XAUUSD,buy,-21.759715,0.9496876827153393
2024-03-14 06:45:00+00:00,XAUUSD,sell,21.68115,22.630837682715338
2024-03-14 09:30:00+00:00,XAUUSD,buy,-21.701437109809124,0.9294005729062143
2024-03-14 10:30:00+00:00,XAUUSD,buy,-21.70845,-20.779049427093785
2024-03-14 11:45:00+00:00,XAUUSD,sell,21.678314527827304,0.8992651007335191
2024-03-14 12:20:00+00:00,XAUUSD,sell,21.66085,22.56011510073352
2024-03-14 12:40:00+00:00,XAUUSD,buy,-21.696058810401823,0.8640562903316962
2024-03-14 16:20:00+00:00,XAUUSD,buy,-21.59075,-20.726693709668304
2024-03-14 17:15:00+00:00,XAUUSD,sell,21.644124905615875,0.9174311959475716
2024-03-15 09:50:00+00:00,XAUUSD,buy,-21.703455,-20.78602380405243
2024-03-15 11:05:00+00:00,XAUUSD,sell,21.67303406119202,0.8870102571395897
2024-03-15 13:45:00+00:00,XAUUSD,buy,-21.60425,-20.71723974286041
2024-03-15 17:30:00+00:00,XAUUSD,sell,21.56178554779404,0.844545804933631
2024-03-18 01:00:00+00:00,XAUUSD,sell,21.549100000000003,22.393645804933634
2024-03-18 01:20:00+00:00,XAUUSD,buy,-21.51540141755184,0.8782443873817947
2024-03-18 02:05:00+00:00,XAUUSD,sell,21.51925,22.397494387381794
2024-03-18 02:45:00+00:00,XAUUSD,buy,-21.486008006109643,0.9114863812721516
2024-03-18 11:50:00+00:00,XAUUSD,sell,21.5995,22.51098638127215
2024-03-18 12:05:00+00:00,XAUUSD,buy,-21.6146053571502,0.8963810241219505
2024-03-18 12:50:00+00:00,XAUUSD,sell,21.5904,22.48678102412195
2024-03-18 18:50:00+00:00,XAUUSD,buy,-21.602985,0.8837960241219491
2024-03-19 07:05:00+00:00,XAUUSD,sell,21.554,22.437796024121948
2024-03-19 08:15:00+00:00,XAUUSD,buy,-21.50971391871072,0.928082105411228
2024-03-19 15:20:00+00:00,XAUUSD,sell,21.50815,22.43623210541123
2024-03-19 16:15:00+00:00,XAUUSD,buy,-21.55980471544488,0.8764273899663486
2024-03-20 04:15:00+00:00,XAUUSD,sell,21.58895,22.46537738996635
2024-03-20 08:05:00+00:00,XAUUSD,buy,-21.558511154164343,0.9068662358020063
2024-03-20 09:50:00+00:00,XAUUSD,sell,21.5417,22.448566235802005
2024-03-20 12:40:00+00:00,XAUUSD,buy,-21.502285448521576,0.9462807872804291
2024-03-20 18:45:00+00:00,XAUUSD,buy,-21.77535,-20.82906921271957
2024-03-20 22:15:00+00:00,XAUUSD,sell,22.09912828920452,1.270059076484948
2024-03-20 23:20:00+00:00,XAUUSD,buy,-22.05355,-20.783490923515053
2024-03-21 00:35:00+00:00,XAUUSD,sell,21.956406518292177,1.1729155947771233
2024-03-21 15:50:00+00:00,XAUUSD,buy,-21.73835,-20.565434405222877
2024-03-21 17:05:00+00:00,XAUUSD,sell,21.80659308362953,1.2411586784066522
2024-03-22 01:30:00+00:00,XAUUSD,sell,21.83325,23.07440867840665
2024-03-22 01:50:00+00:00,XAUUSD,buy,-21.77593989055552,1.2984687878511316
2024-03-22 02:35:00+00:00,XAUUSD,sell,21.7247,23.02316878785113
2024-03-22 07:20:00+00:00,XAUUSD,buy,-21.630096223731748,1.3930725641193824
2024-03-26 14:00:00+00:00,XAUUSD,buy,-21.85695,-20.46387743588062
2024-03-26 15:00:00+00:00,XAUUSD,sell,21.77887795161308,1.3150005157324607
2024-03-26 15:10:00+00:00,XAUUSD,sell,21.77085,23.08585051573246
2024-03-26 21:10:00+00:00,XAUUSD,buy,-21.7891,1.2967505157324588
2024-03-27 14:50:00+00:00,XAUUSD,buy,-21.9523,-20.655549484267542
2024-03-27 15:20:00+00:00,XAUUSD,sell,21.908977933281506,1.2534284490139633
2024-03-27 16:00:00+00:00,XAUUSD,buy,-21.9071,-20.653671550986036
2024-03-27 22:00:00+00:00,XAUUSD,sell,21.923535,1.2698634490139646
2024-03-28 14:30:00+00:00,XAUUSD,buy,-22.08875,-20.818886550986036
2024-03-28 16:25:00+00:00,XAUUSD,sell,22.181159958736952,1.3622734077509158
2024-04-01 12:25:00+00:00,XAUUSD,buy,-22.4847,-21.122426592249084
2024-04-01 13:45:00+00:00,XAUUSD,sell,22.433290821379146,1.3108642291300612
2024-04-03 10:35:00+00:00,XAUUSD,buy,-22.7283,-21.41743577086994
2024-04-03 11:25:00+00:00,XAUUSD,sell,22.700800637130182,1.2833648662602428
2024-04-03 14:00:00+00:00,XAUUSD,buy,-22.781755,-21.498390133739758
2024-04-03 16:25:00+00:00,XAUUSD,sell,22.925274299462064,1.4268841657223064
2024-04-04 10:50:00+00:00,XAUUSD,buy,-22.947335,-21.520450834277693
2024-04-04 11:35:00+00:00,XAUUSD,sell,22.92437263843076,1.403921804153068
2024-04-05 12:00:00+00:00,XAUUSD,buy,-22.9305,-21.52657819584693
2024-04-05 12:05:00+00:00,XAUUSD,sell,22.9159504408709,1.3893722450239707
2024-04-05 12:25:00+00:00,XAUUSD,buy,-22.9615,-21.57212775497603
2024-04-05 12:30:00+00:00,XAUUSD,sell,22.900941246059304,1.3288134910832738
2024-04-05 15:15:00+00:00,XAUUSD,buy,-23.24865,-21.919836508916728
2024-04-07 22:15:00+00:00,XAUUSD,sell,23.14407261512411,1.2242361062073819
2024-04-09 14:05:00+00:00,XAUUSD,buy,-23.59625,-22.37201389379262
2024-04-09 14:35:00+00:00,XAUUSD,sell,23.527256482051385,1.1552425882587656
2024-04-09 19:35:00+00:00,XAUUSD,buy,-23.48475,-22.329507411741233
2024-04-09 23:50:00+00:00,XAUUSD,sell,23.552853659513914,1.2233462477726817
2024-04-10 01:55:00+00:00,XAUUSD,buy,-23.49515,-22.271803752227317
2024-04-10 05:10:00+00:00,XAUUSD,sell,23.57560747469228,1.3038037224649628
2024-04-10 12:25:00+00:00,XAUUSD,buy,-23.500515,-22.196711277535037
2024-04-10 12:30:00+00:00,XAUUSD,sell,23.471663208423585,1.2749519308885482
2024-04-10 13:40:00+00:00,XAUUSD,buy,-23.32825,-22.053298069111452
2024-04-10 19:40:00+00:00,XAUUSD,sell,23.300385,1.2470869308885462
2024-04-10 20:00:00+00:00,XAUUSD,buy,-23.3101,-22.063013069111452
2024-04-10 22:10:00+00:00,XAUUSD,sell,23.351784738869696,1.288771669758244
2024-04-11 14:55:00+00:00,XAUUSD,buy,-23.3909,-22.102128330241754
2024-04-11 17:10:00+00:00,XAUUSD,sell,23.539787200460044,1.4376588702182893
2024-04-11 19:25:00+00:00,XAUUSD,buy,-23.64415,-22.20649112978171
2024-04-11 19:40:00+00:00,XAUUSD,sell,23.707504855857582,1.5010137260758718
2024-04-11 19:55:00+00:00,XAUUSD,buy,-23.729,-22.227986273924127
2024-04-12 01:55:00+00:00,XAUUSD,sell,23.908700000000003,1.6807137260758758
2024-04-12 11:45:00+00:00,XAUUSD,buy,-23.9528,-22.272086273924124
2024-04-12 13:50:00+00:00,XAUUSD,sell,24.058797820184605,1.7867115462604808
2024-04-12 14:10:00+00:00,XAUUSD,buy,-24.1424,-22.355688453739518
2024-04-12 15:25:00+00:00,XAUUSD,sell,23.99275536281508,1.6370669090755605
2024-04-15 00:30:00+00:00,XAUUSD,sell,23.57125,25.20831690907556
2024-04-15 06:30:00+00:00,XAUUSD,buy,-23.5834,1.6249169090755586
2024-04-16 09:55:00+00:00,XAUUSD,buy,-23.7239,-22.098983090924442
2024-04-16 10:30:00+00:00,XAUUSD,sell,23.69384089908635,1.5948578081619083
2024-04-16 19:30:00+00:00,XAUUSD,sell,23.900915,25.49577280816191
2024-04-16 20:50:00+00:00,XAUUSD,buy,-23.808238795378795,1.6875340127831144
2024-04-17 09:40:00+00:00,XAUUSD,sell,23.912565,25.600099012783115
2024-04-17 12:20:00+00:00,XAUUSD,buy,-23.844589544883043,1.7555094679000725
2024-04-18 15:40:00+00:00,XAUUSD,sell,23.81275,25.568259467900074
2024-04-18 15:55:00+00:00,XAUUSD,buy,-23.84407449475585,1.7241849731442223
2024-04-19 02:35:00+00:00,XAUUSD,sell,24.0363,25.760484973144223
2024-04-19 04:40:00+00:00,XAUUSD,buy,-23.816150646311275,1.9443343268329478
2024-04-22 08:35:00+00:00,XAUUSD,buy,-23.60705,-21.662715673167053
2024-04-22 10:35:00+00:00,XAUUSD,sell,23.574994071598773,1.9122783984317202
2024-04-22 11:00:00+00:00,XAUUSD,sell,23.55085,25.46312839843172
2024-04-22 11:15:00+00:00,XAUUSD,buy,-23.44179516975292,2.0213332286788024
2024-04-22 12:00:00+00:00,XAUUSD,sell,23.4155,25.436833228678804
2024-04-22 12:30:00+00:00,XAUUSD,buy,-23.486688194207265,1.9501450344715394
2024-04-22 15:00:00+00:00,XAUUSD,sell,23.399015,25.349160034471538
2024-04-22 16:20:00+00:00,XAUUSD,buy,-23.306894678748343,2.0422653557231953
2024-04-22 18:00:00+00:00,XAUUSD,sell,23.29295,25.335215355723196
2024-04-23 00:00:00+00:00,XAUUSD,buy,-23.3284,2.006815355723198
2024-04-23 17:10:00+00:00,XAUUSD,sell,23.281350000000003,25.2881653557232
2024-04-23 23:10:00+00:00,XAUUSD,buy,-23.232,2.056165355723202
2024-04-24 02:05:00+00:00,XAUUSD,buy,-23.20555,-21.149384644276797
2024-04-24 02:30:00+00:00,XAUUSD,sell,23.18485737457876,2.0354727303019615
2024-04-24 02:50:00+00:00,XAUUSD,buy,-23.21255,-21.17707726969804
2024-04-24 06:00:00+00:00,XAUUSD,sell,23.30713416286141,2.1300568931633705
2024-04-24 06:25:00+00:00,XAUUSD,sell,23.26215,25.39220689316337
2024-04-24 09:15:00+00:00,XAUUSD,buy,-23.15153368818595,2.240673204977419
2024-04-24 14:30:00+00:00,XAUUSD,buy,-23.23775,-20.99707679502258
2024-04-24 20:20:00+00:00,XAUUSD,sell,23.16387608458771,2.1667992895651302
2024-04-25 00:15:00+00:00,XAUUSD,buy,-23.182705,-21.01590571043487
2024-04-25 03:10:00+00:00,XAUUSD,sell,23.1530288435383,2.137123133103433
2024-04-25 06:35:00+00:00,XAUUSD,buy,-23.20935,-21.072226866896568
2024-04-25 08:00:00+00:00,XAUUSD,sell,23.27636490311351,2.2041380362169427
2024-04-25 11:25:00+00:00,XAUUSD,sell,23.27105,25.47518803621694
2024-04-25 11:40:00+00:00,XAUUSD,buy,-23.306360393267823,2.1688276429491182
2024-04-25 12:10:00+00:00,XAUUSD,sell,23.27475,25.44357764294912
2024-04-25 12:30:00+00:00,XAUUSD,buy,-23.30632705800241,2.1372505849467096
2024-04-25 16:15:00+00:00,XAUUSD,sell,23.2824,25.41965058494671
2024-04-25 17:55:00+00:00,XAUUSD,buy,-23.319230706392467,2.1004198785542414
2024-04-29 13:35:00+00:00,XAUUSD,sell,23.312150000000003,25.412569878554244
2024-04-29 13:55:00+00:00,XAUUSD,buy,-23.351004801025624,2.06156507752862
2024-04-29 14:20:00+00:00,XAUUSD,sell,23.34315,25.40471507752862
2024-04-29 14:25:00+00:00,XAUUSD,buy,-23.390194541167403,2.0145205363612178
2024-04-29 15:15:00+00:00,XAUUSD,sell,23.349285,25.363805536361216
2024-04-29 15:40:00+00:00,XAUUSD,buy,-23.385488741111867,1.9783167952493486
2024-04-29 17:35:00+00:00,XAUUSD,sell,23.438665,25.41698179524935
2024-04-29 19:00:00+00:00,XAUUSD,buy,-23.37371116608245,2.043270629166898
2024-04-29 22:30:00+00:00,XAUUSD,sell,23.34445,25.387720629166896
2024-04-30 02:10:00+00:00,XAUUSD,buy,-23.301514442239423,2.0862061869274733
2024-04-30 08:10:00+00:00,XAUUSD,sell,23.162535,25.24874118692747
2024-04-30 08:55:00+00:00,XAUUSD,buy,-23.111271325887053,2.137469861040419
2024-04-30 11:00:00+00:00,XAUUSD,sell,23.14495,25.28241986104042
2024-04-30 12:30:00+00:00,XAUUSD,buy,-23.06783598617257,2.2145838748678486
2024-04-30 13:35:00+00:00,XAUUSD,buy,-23.079500000000003,-20.864916125132154
2024-04-30 14:05:00+00:00,XAUUSD,sell,23.023610941059484,2.15869481592733
2024-04-30 16:30:00+00:00,XAUUSD,sell,22.9571,25.11579481592733
2024-04-30 20:30:00+00:00,XAUUSD,buy,-22.8729759067439,2.2428189091834305
2024-05-01 00:20:00+00:00,XAUUSD,sell,22.88435,25.127168909183432
2024-05-01 06:20:00+00:00,XAUUSD,buy,-22.8884,2.238768909183431
2024-05-01 15:25:00+00:00,XAUUSD,buy,-23.0873,-20.848531090816568
2024-05-01 18:00:00+00:00,XAUUSD,sell,22.969244776622627,2.1207136858060593
2024-05-01 19:50:00+00:00,XAUUSD,sell,23.1399,25.26061368580606
2024-05-01 23:45:00+00:00,XAUUSD,buy,-23.238380583993145,2.0222331018129154
2024-05-02 12:05:00+00:00,XAUUSD,buy,-22.993450000000003,-20.971216898187087
2024-05-02 12:25:00+00:00,XAUUSD,sell,23.034658258033545,2.0634413598464576
2024-05-02 14:15:00+00:00,XAUUSD,buy,-22.975135,-20.911693640153544
2024-05-02 20:15:00+00:00,XAUUSD,sell,23.02865,2.116956359846455
2024-05-03 05:55:00+00:00,XAUUSD,sell,23.060815,25.177771359846457
2024-05-03 06:50:00+00:00,XAUUSD,buy,-23.002772346138425,2.1749990137080317
2024-05-06 00:35:00+00:00,XAUUSD,buy,-22.9521,-20.77710098629197
2024-05-06 01:00:00+00:00,XAUUSD,sell,23.025300811383303,2.2481998250913335
2024-05-06 02:30:00+00:00,XAUUSD,sell,23.1044,25.352599825091332
2024-05-06 07:25:00+00:00,XAUUSD,buy,-23.159636829660244,2.1929629954310883
2024-05-06 12:35:00+00:00,XAUUSD,buy,-23.215485,-21.022522004568913
2024-05-06 18:35:00+00:00,XAUUSD,sell,23.244865,2.222342995431088
2024-05-08 04:00:00+00:00,XAUUSD,buy,-23.1772,-20.95485700456891
2024-05-08 05:30:00+00:00,XAUUSD,sell,23.209106522341727,2.2542495177728163
2024-05-08 11:35:00+00:00,XAUUSD,buy,-23.173615,-20.919365482227185
2024-05-08 11:50:00+00:00,XAUUSD,sell,23.14007125485957,2.2207057726323853
2024-05-08 15:55:00+00:00,XAUUSD,buy,-23.204385,-20.983679227367613
2024-05-08 16:40:00+00:00,XAUUSD,sell,23.16292040728821,2.179241179920595
2024-05-09 00:30:00+00:00,XAUUSD,buy,-23.088050000000003,-20.908808820079408
2024-05-09 00:50:00+00:00,XAUUSD,sell,23.10454406623145,2.1957352461520436
2024-05-09 12:20:00+00:00,XAUUSD,buy,-23.188115,-20.992379753847956
2024-05-09 12:35:00+00:00,XAUUSD,sell,23.25828495982689,2.2659052059789353
2024-05-09 14:55:00+00:00,XAUUSD,buy,-23.3339,-21.067994794021065
2024-05-09 20:00:00+00:00,XAUUSD,sell,23.445451222122927,2.377456428101862
2024-05-10 01:00:00+00:00,XAUUSD,buy,-23.52035,-21.14289357189814
2024-05-10 06:30:00+00:00,XAUUSD,sell,23.62729465475664,2.4844010828585006
2024-05-10 13:20:00+00:00,XAUUSD,buy,-23.70595,-21.2215489171415
2024-05-10 14:55:00+00:00,XAUUSD,sell,23.595557692596937,2.3740087754554366
2024-05-10 16:20:00+00:00,XAUUSD,buy,-23.6582,-21.284191224544564
2024-05-10 20:45:00+00:00,XAUUSD,sell,23.612992126441565,2.328800901897001
2024-05-13 08:15:00+00:00,XAUUSD,sell,23.4797,25.808500901897002
2024-05-13 08:40:00+00:00,XAUUSD,buy,-23.424284513035985,2.3842163888610166
2024-05-13 09:05:00+00:00,XAUUSD,buy,-23.44225,-21.058033611138985
2024-05-13 09:25:00+00:00,XAUUSD,sell,23.413963827097376,2.3559302159583915
2024-05-13 10:10:00+00:00,XAUUSD,buy,-23.418415,-21.062484784041608
2024-05-13 11:10:00+00:00,XAUUSD,sell,23.389094600133657,2.3266098160920485
2024-05-13 12:10:00+00:00,XAUUSD,buy,-23.47175,-21.14514018390795
2024-05-13 13:45:00+00:00,XAUUSD,sell,23.422683519209617,2.277543335301665
2024-05-13 15:55:00+00:00,XAUUSD,buy,-23.3596,-21.082056664698335
2024-05-13 21:55:00+00:00,XAUUSD,sell,23.36765,2.285593335301666
2024-05-14 18:55:00+00:00,XAUUSD,sell,23.57715,25.862743335301666
2024-05-15 00:55:00+00:00,XAUUSD,buy,-23.559015,2.303728335301667
2024-05-15 01:30:00+00:00,XAUUSD,buy,-23.586365,-21.282636664698334
2024-05-15 07:30:00+00:00,XAUUSD,sell,23.641915,2.359278335301667
2024-05-15 15:50:00+00:00,XAUUSD,sell,23.7841,26.143378335301666
2024-05-15 16:15:00+00:00,XAUUSD,buy,-23.842920171896395,2.3004581634052705
2024-05-15 16:35:00+00:00,XAUUSD,sell,23.829235,26.12969316340527
2024-05-15 16:45:00+00:00,XAUUSD,buy,-23.86539435777832,2.26429880562695
2024-05-16 07:20:00+00:00,XAUUSD,buy,-23.89895,-21.63465119437305
2024-05-16 09:25:00+00:00,XAUUSD,sell,23.84455253485896,2.20990134048591
2024-05-16 14:00:00+00:00,XAUUSD,buy,-23.778485,-21.56858365951409
2024-05-16 20:00:00+00:00,XAUUSD,sell,23.7814,2.2128163404859116
2024-05-16 20:15:00+00:00,XAUUSD,sell,23.774215,25.987031340485913
2024-05-17 02:15:00+00:00,XAUUSD,buy,-23.78335,2.2036813404859146
2024-05-17 03:55:00+00:00,XAUUSD,buy,-23.779335000000003,-21.57565365951409
2024-05-17 06:10:00+00:00,XAUUSD,sell,23.833107863115963,2.257454203601874
2024-05-17 08:10:00+00:00,XAUUSD,sell,23.8263,26.083754203601874
2024-05-17 08:55:00+00:00,XAUUSD,buy,-23.851609279383823,2.2321449242180513
2024-05-17 12:35:00+00:00,XAUUSD,sell,23.87205,26.104194924218053
2024-05-17 12:40:00+00:00,XAUUSD,buy,-23.90569923801646,2.1984956862015927
2024-05-17 13:35:00+00:00,XAUUSD,sell,23.9878,26.186295686201593
2024-05-17 14:25:00+00:00,XAUUSD,buy,-24.05869006467809,2.1276056215235037
2024-05-17 16:00:00+00:00,XAUUSD,buy,-24.110115,-21.982509378476497
2024-05-19 23:00:00+00:00,XAUUSD,sell,24.18275,2.200240621523502
2024-05-20 00:25:00+00:00,XAUUSD,buy,-24.217635,-22.0173943784765
2024-05-20 01:00:00+00:00,XAUUSD,sell,24.32764050876991,2.310246130293411
2024-05-20 01:55:00+00:00,XAUUSD,buy,-24.347285,-22.03703886970659
2024-05-20 05:35:00+00:00,XAUUSD,sell,24.46898379915393,2.43194492944734
2024-05-21 13:10:00+00:00,XAUUSD,buy,-24.2808,-21.84885507055266
2024-05-21 16:00:00+00:00,XAUUSD,sell,24.198998633070136,2.350143562517477
2024-05-22 09:15:00+00:00,XAUUSD,buy,-24.176685,-21.826541437482522
2024-05-22 09:30:00+00:00,XAUUSD,sell,24.15190770924572,2.3253662717631975
2024-05-22 17:15:00+00:00,XAUUSD,sell,23.910615,26.235981271763197
2024-05-22 18:20:00+00:00,XAUUSD,buy,-23.834184743088947,2.40179652867425
2024-05-22 20:30:00+00:00,XAUUSD,sell,23.783215,26.18501152867425
2024-05-22 22:00:00+00:00,XAUUSD,buy,-23.804298992017003,2.3807125366572457
2024-05-23 00:45:00+00:00,XAUUSD,sell,23.8046,26.185312536657246
2024-05-23 01:20:00+00:00,XAUUSD,buy,-23.742484582091144,2.442827954566102
2024-05-23 02:35:00+00:00,XAUUSD,sell,23.6966,26.139427954566102
2024-05-23 04:15:00+00:00,XAUUSD,buy,-23.73421330056725,2.4052146539988506
2024-05-23 11:50:00+00:00,XAUUSD,sell,23.6703,26.07551465399885
2024-05-23 12:50:00+00:00,XAUUSD,buy,-23.61552408566641,2.45999056833244
2024-05-23 16:10:00+00:00,XAUUSD,sell,23.4568,25.91679056833244
2024-05-23 17:25:00+00:00,XAUUSD,buy,-23.35849371292809,2.5582968554043504
2024-05-24 07:30:00+00:00,XAUUSD,sell,23.373535,25.93183185540435
2024-05-24 08:45:00+00:00,XAUUSD,buy,-23.410103835333302,2.5217280200710483
2024-05-24 15:20:00+00:00,XAUUSD,sell,23.363035,25.88476302007105
2024-05-26 22:20:00+00:00,XAUUSD,buy,-23.35275,2.532013020071048
2024-05-27 11:45:00+00:00,XAUUSD,sell,23.444085,25.97609802007105
2024-05-27 12:15:00+00:00,XAUUSD,buy,-23.45888824971798,2.5172097703530696
2024-05-28 16:25:00+00:00,XAUUSD,sell,23.57545,26.09265977035307
2024-05-28 22:25:00+00:00,XAUUSD,buy,-23.597285,2.49537477035307
2024-05-29 04:30:00+00:00,XAUUSD,sell,23.5733,26.06867477035307
2024-05-29 05:30:00+00:00,XAUUSD,buy,-23.59191042719494,2.4767643431581305
2024-05-29 13:40:00+00:00,XAUUSD,sell,23.407435,25.88419934315813
2024-05-29 19:40:00+00:00,XAUUSD,buy,-23.378335,2.5058643431581302
2024-05-30 19:45:00+00:00,XAUUSD,sell,23.40145,25.90731434315813
2024-05-30 20:40:00+00:00,XAUUSD,buy,-23.429021436420147,2.478292906737984
2024-06-03 02:20:00+00:00,XAUUSD,sell,23.288315,25.766607906737985
2024-06-03 03:25:00+00:00,XAUUSD,buy,-23.23913373899836,2.5274741677396264
2024-06-03 03:40:00+00:00,XAUUSD,sell,23.23095,25.758424167739626
2024-06-03 07:15:00+00:00,XAUUSD,buy,-23.285213094608928,2.473211073130699
2024-06-03 17:20:00+00:00,XAUUSD,sell,23.489065,25.9622760731307
2024-06-03 23:20:00+00:00,XAUUSD,buy,-23.50905,2.4532260731307005
2024-06-04 09:45:00+00:00,XAUUSD,buy,-23.3213,-20.8680739268693
2024-06-04 11:00:00+00:00,XAUUSD,sell,23.288005637774084,2.419931710904784
2024-06-04 11:55:00+00:00,XAUUSD,buy,-23.280385,-20.860453289095215
2024-06-04 12:30:00+00:00,XAUUSD,sell,23.337358641351297,2.4769053522560824
2024-06-05 07:20:00+00:00,XAUUSD,sell,23.3071,25.78400535225608
2024-06-05 08:10:00+00:00,XAUUSD,buy,-23.341306468839704,2.4426988834163765
2024-06-05 10:35:00+00:00,XAUUSD,buy,-23.3382,-20.895501116583624
2024-06-05 12:45:00+00:00,XAUUSD,sell,23.398789951134106,2.5032888345504816
2024-06-05 13:55:00+00:00,XAUUSD,buy,-23.45392,-20.95063116544952
2024-06-05 14:05:00+00:00,XAUUSD,sell,23.37651334735215,2.425882181902633
2024-06-05 14:30:00+00:00,XAUUSD,buy,-23.4721,-21.046217818097368
2024-06-05 20:30:00+00:00,XAUUSD,sell,23.53285,2.486632181902632
2024-06-06 01:00:00+00:00,XAUUSD,buy,-23.5836,-21.09696781809737
2024-06-06 01:25:00+00:00,XAUUSD,sell,23.66314918114445,2.5661813630470824
2024-06-06 02:30:00+00:00,XAUUSD,buy,-23.7013,-21.135118636952917
2024-06-06 06:25:00+00:00,XAUUSD,sell,23.647347953678253,2.5122293167253353
2024-06-06 13:20:00+00:00,XAUUSD,buy,-23.59155,-21.079320683274666
2024-06-06 15:15:00+00:00,XAUUSD,sell,23.716836445240407,2.637515761965741
2024-06-07 02:30:00+00:00,XAUUSD,buy,-23.723515,-21.08599923803426
2024-06-07 03:25:00+00:00,XAUUSD,sell,23.787491946775653,2.7014927087413945
2024-06-07 03:35:00+00:00,XAUUSD,buy,-23.79565,-21.094157291258604
2024-06-07 06:15:00+00:00,XAUUSD,sell,23.748523691220523,2.654366399961919
2024-06-07 11:45:00+00:00,XAUUSD,sell,23.3348,25.98916639996192
2024-06-07 11:50:00+00:00,XAUUSD,buy,-23.35564565450175,2.633520745460171
2024-06-07 13:40:00+00:00,XAUUSD,sell,23.17035,25.80387074546017
2024-06-07 19:30:00+00:00,XAUUSD,buy,-22.93060699495181,2.873263750508361
2024-06-10 03:20:00+00:00,XAUUSD,sell,22.951835000000003,25.825098750508364
2024-06-10 06:40:00+00:00,XAUUSD,buy,-22.89417479544776,2.930923955060603
2024-06-10 18:45:00+00:00,XAUUSD,sell,23.102715,26.033638955060603
2024-06-10 19:00:00+00:00,XAUUSD,buy,-23.11748090540478,2.9161580496558237
2024-06-11 01:00:00+00:00,XAUUSD,sell,23.08555,26.001708049655825
2024-06-11 01:50:00+00:00,XAUUSD,buy,-23.046841775779928,2.954866273875897
2024-06-11 22:25:00+00:00,XAUUSD,sell,23.15345,26.108316273875896
2024-06-11 22:45:00+00:00,XAUUSD,buy,-23.175664212272583,2.9326520616033136
2024-06-12 03:50:00+00:00,XAUUSD,sell,23.143765,26.076417061603312
2024-06-12 06:15:00+00:00,XAUUSD,buy,-23.166017629962493,2.910399431640819
2024-06-12 06:55:00+00:00,XAUUSD,sell,23.149015,26.059414431640818
2024-06-12 12:30:00+00:00,XAUUSD,buy,-23.17578742349101,2.8836270081498085
2024-06-13 08:05:00+00:00,XAUUSD,sell,23.1504,26.03402700814981
2024-06-13 10:20:00+00:00,XAUUSD,buy,-23.190182945421004,2.843844062728806
2024-06-13 22:35:00+00:00,XAUUSD,sell,23.031755,25.875599062728806
2024-06-14 00:30:00+00:00,XAUUSD,buy,-23.042931271173146,2.832667791555661
2024-06-14 16:00:00+00:00,XAUUSD,buy,-23.285085,-20.452417208444338
2024-06-16 23:00:00+00:00,XAUUSD,sell,23.288245,2.835827791555662
2024-06-17 11:30:00+00:00,XAUUSD,sell,23.1809,26.016727791555663
2024-06-17 13:05:00+00:00,XAUUSD,buy,-23.216427256071395,2.8003005354842685
2024-06-17 17:20:00+00:00,XAUUSD,sell,23.1586,25.95890053548427
2024-06-17 18:40:00+00:00,XAUUSD,buy,-23.187424418823923,2.771476116660345
2024-06-18 09:05:00+00:00,XAUUSD,buy,-23.1344,-20.362923883339654
2024-06-18 10:25:00+00:00,XAUUSD,sell,23.10625300554328,2.743329122203626
2024-06-18 16:55:00+00:00,XAUUSD,buy,-23.30325,-20.559920877796372
2024-06-18 22:55:00+00:00,XAUUSD,sell,23.283145,2.7232241222036286
2024-06-19 03:10:00+00:00,XAUUSD,buy,-23.316535,-20.59331087779637
2024-06-19 03:20:00+00:00,XAUUSD,sell,23.299910659210592,2.706599781414223
2024-06-19 16:50:00+00:00,XAUUSD,sell,23.296715,26.003314781414222
2024-06-19 22:50:00+00:00,XAUUSD,buy,-23.30415,2.699164781414222
2024-06-20 09:35:00+00:00,XAUUSD,buy,-23.352685,-20.65352021858578
2024-06-20 11:40:00+00:00,XAUUSD,sell,23.41280871985898,2.7592885012732005
2024-06-21 07:40:00+00:00,XAUUSD,buy,-23.6068,-20.8475114987268
2024-06-21 13:25:00+00:00,XAUUSD,sell,23.54860721830658,2.7010957195797793
2024-06-21 14:35:00+00:00,XAUUSD,buy,-23.36665,-20.66555428042022
2024-06-21 15:15:00+00:00,XAUUSD,sell,23.2772245679178,2.611670287497578
2024-06-21 15:50:00+00:00,XAUUSD,buy,-23.294165,-20.68249471250242
2024-06-21 16:10:00+00:00,XAUUSD,sell,23.24937068889245,2.5668759763900297
2024-06-23 22:55:00+00:00,XAUUSD,sell,23.2161,25.78297597639003
2024-06-23 23:15:00+00:00,XAUUSD,buy,-23.2013852016815,2.5815907747085305
2024-06-23 23:40:00+00:00,XAUUSD,sell,23.1951,25.77669077470853
2024-06-24 00:00:00+00:00,XAUUSD,buy,-23.206840163291474,2.5698506114170563
2024-06-24 08:05:00+00:00,XAUUSD,sell,23.3057,25.875550611417058
2024-06-24 09:05:00+00:00,XAUUSD,buy,-23.27377883415532,2.601771777261739
2024-06-24 09:30:00+00:00,XAUUSD,sell,23.2498,25.85157177726174
2024-06-24 13:25:00+00:00,XAUUSD,buy,-23.312393360738337,2.539178416523402
2024-06-25 12:35:00+00:00,XAUUSD,sell,23.26305,25.802228416523402
2024-06-25 15:30:00+00:00,XAUUSD,buy,-23.17013584146563,2.632092575057772
2024-06-27 14:00:00+00:00,XAUUSD,buy,-23.2898,-20.657707424942227
2024-06-27 20:00:00+00:00,XAUUSD,sell,23.263935,2.6062275750577726
2024-06-28 03:55:00+00:00,XAUUSD,buy,-23.21845,-20.612222424942228
2024-06-28 04:00:00+00:00,XAUUSD,sell,23.208432933295622,2.596210508353394
2024-06-28 04:50:00+00:00,XAUUSD,buy,-23.214135,-20.617924491646605
2024-06-28 05:30:00+00:00,XAUUSD,sell,23.24179244700373,2.623867955357124
2024-06-28 06:25:00+00:00,XAUUSD,buy,-23.2767,-20.652832044642878
2024-06-28 06:40:00+00:00,XAUUSD,sell,23.254508339764865,2.6016762951219867
