ts,symbol,side,price,quantity,signed_qty,fee,cash_flow,position_qty,avg_cost,realized_pnl_trade,realized_pnl_cum
2024-01-03 16:35:00+00:00,XAUUSD,sell,20.33145,1.0,-1.0,0.0,20.33145,-1.0,20.33145,0.0,0.0
2024-01-03 18:45:00+00:00,XAUUSD,buy,20.361451676878858,1.0,1.0,0.0,-20.361451676878858,0.0,0.0,-0.030001676878857353,-0.030001676878857353
2024-01-04 11:40:00+00:00,XAUUSD,sell,20.47295,1.0,-1.0,0.0,20.47295,-1.0,20.47295,0.0,-0.030001676878857353
2024-01-04 12:00:00+00:00,XAUUSD,buy,20.449057037378733,1.0,1.0,0.0,-20.449057037378733,0.0,0.0,0.023892962621268055,-0.006108714257589298
2024-01-05 17:30:00+00:00,XAUUSD,sell,20.4068,1.0,-1.0,0.0,20.4068,-1.0,20.4068,0.0,-0.006108714257589298
2024-01-05 18:40:00+00:00,XAUUSD,buy,20.4601574595755,1.0,1.0,0.0,-20.4601574595755,0.0,0.0,-0.05335745957549776,-0.059466173833087055
2024-01-12 18:10:00+00:00,XAUUSD,buy,20.45555,1.0,1.0,0.0,-20.45555,1.0,20.45555,0.0,-0.059466173833087055
2024-01-15 01:10:00+00:00,XAUUSD,sell,20.4833,1.0,-1.0,0.0,20.4833,0.0,0.0,0.02775000000000105,-0.031716173833086
2024-01-16 10:25:00+00:00,XAUUSD,sell,20.4004,1.0,-1.0,0.0,20.4004,-1.0,20.4004,0.0,-0.031716173833086
2024-01-16 13:10:00+00:00,XAUUSD,buy,20.34684255409083,1.0,1.0,0.0,-20.34684255409083,0.0,0.0,0.053557445909170553,0.02184127207608455
2024-01-16 16:00:00+00:00,XAUUSD,sell,20.3615,1.0,-1.0,0.0,20.3615,-1.0,20.3615,0.0,0.02184127207608455
2024-01-16 17:05:00+00:00,XAUUSD,buy,20.270694670490187,1.0,1.0,0.0,-20.270694670490187,0.0,0.0,0.0908053295098128,0.11264660158589734
2024-01-16 18:25:00+00:00,XAUUSD,buy,20.26795,1.0,1.0,0.0,-20.26795,1.0,20.26795,0.0,0.11264660158589734
2024-01-16 18:50:00+00:00,XAUUSD,sell,20.24456811978614,1.0,-1.0,0.0,20.24456811978614,0.0,0.0,-0.023381880213857897,0.08926472137203945
2024-01-16 19:45:00+00:00,XAUUSD,buy,20.28745,1.0,1.0,0.0,-20.28745,1.0,20.28745,0.0,0.08926472137203945
2024-01-17 01:45:00+00:00,XAUUSD,sell,20.2971,1.0,-1.0,0.0,20.2971,0.0,0.0,0.009650000000000603,0.09891472137204005
2024-01-17 02:30:00+00:00,XAUUSD,sell,20.2863,1.0,-1.0,0.0,20.2863,-1.0,20.2863,0.0,0.09891472137204005
2024-01-17 05:20:00+00:00,XAUUSD,buy,20.19443927357651,1.0,1.0,0.0,-20.19443927357651,0.0,0.0,0.09186072642349075,0.1907754477955308
2024-01-18 07:20:00+00:00,XAUUSD,sell,20.1165,1.0,-1.0,0.0,20.1165,-1.0,20.1165,0.0,0.1907754477955308
2024-01-18 12:05:00+00:00,XAUUSD,buy,20.14399633413208,1.0,1.0,0.0,-20.14399633413208,0.0,0.0,-0.0274963341320813,0.1632791136634495
2024-01-19 06:20:00+00:00,XAUUSD,buy,20.225415,1.0,1.0,0.0,-20.225415,1.0,20.225415,0.0,0.1632791136634495
2024-01-19 07:20:00+00:00,XAUUSD,sell,20.26117887351535,1.0,-1.0,0.0,20.26117887351535,0.0,0.0,0.03576387351535004,0.19904298717879954
2024-01-19 08:45:00+00:00,XAUUSD,buy,20.2861,1.0,1.0,0.0,-20.2861,1.0,20.2861,0.0,0.19904298717879954
2024-01-19 12:00:00+00:00,XAUUSD,sell,20.336922156648843,1.0,-1.0,0.0,20.336922156648843,0.0,0.0,0.0508221566488416,0.24986514382764113
2024-01-19 19:00:00+00:00,XAUUSD,buy,20.2842,1.0,1.0,0.0,-20.2842,1.0,20.2842,0.0,0.24986514382764113
2024-01-22 00:25:00+00:00,XAUUSD,sell,20.26696446977624,1.0,-1.0,0.0,20.26696446977624,0.0,0.0,-0.017235530223757678,0.23262961360388346
2024-01-22 12:15:00+00:00,XAUUSD,buy,20.274515,1.0,1.0,0.0,-20.274515,1.0,20.274515,0.0,0.23262961360388346
2024-01-22 13:15:00+00:00,XAUUSD,sell,20.2518706589624,1.0,-1.0,0.0,20.2518706589624,0.0,0.0,-0.02264434103760138,0.20998527256628208
2024-01-22 16:00:00+00:00,XAUUSD,sell,20.22795,1.0,-1.0,0.0,20.22795,-1.0,20.22795,0.0,0.20998527256628208
2024-01-22 22:00:00+00:00,XAUUSD,buy,20.215,1.0,1.0,0.0,-20.215,0.0,0.0,0.012950000000000017,0.2229352725662821
2024-01-23 05:00:00+00:00,XAUUSD,buy,20.28615,1.0,1.0,0.0,-20.28615,1.0,20.28615,0.0,0.2229352725662821
2024-01-23 06:55:00+00:00,XAUUSD,sell,20.32561239140924,1.0,-1.0,0.0,20.32561239140924,0.0,0.0,0.03946239140924135,0.26239766397552344
2024-01-23 21:30:00+00:00,XAUUSD,buy,20.291135,1.0,1.0,0.0,-20.291135,1.0,20.291135,0.0,0.26239766397552344
2024-01-23 23:25:00+00:00,XAUUSD,sell,20.278362549392416,1.0,-1.0,0.0,20.278362549392416,0.0,0.0,-0.012772450607585029,0.24962521336793841
2024-01-24 07:15:00+00:00,XAUUSD,buy,20.28455,1.0,1.0,0.0,-20.28455,1.0,20.28455,0.0,0.24962521336793841
2024-01-24 09:40:00+00:00,XAUUSD,sell,20.341171177928302,1.0,-1.0,0.0,20.341171177928302,0.0,0.0,0.05662117792830301,0.3062463912962414
2024-01-24 17:00:00+00:00,XAUUSD,buy,20.1695,1.0,1.0,0.0,-20.1695,1.0,20.1695,0.0,0.3062463912962414
2024-01-24 19:25:00+00:00,XAUUSD,sell,20.11650927766504,1.0,-1.0,0.0,20.11650927766504,0.0,0.0,-0.05299072233496105,0.2532556689612804
2024-01-24 20:40:00+00:00,XAUUSD,sell,20.12705,1.0,-1.0,0.0,20.12705,-1.0,20.12705,0.0,0.2532556689612804
2024-01-24 21:50:00+00:00,XAUUSD,buy,20.13718640916968,1.0,1.0,0.0,-20.13718640916968,0.0,0.0,-0.010136409169678728,0.24311925979160165
2024-01-25 07:55:00+00:00,XAUUSD,sell,20.158115,1.0,-1.0,0.0,20.158115,-1.0,20.158115,0.0,0.24311925979160165
2024-01-25 08:15:00+00:00,XAUUSD,buy,20.1316756462656,1.0,1.0,0.0,-20.1316756462656,0.0,0.0,0.026439353734399873,0.2695586135260015
2024-01-25 09:05:00+00:00,XAUUSD,sell,20.133665,1.0,-1.0,0.0,20.133665,-1.0,20.133665,0.0,0.2695586135260015
2024-01-25 09:35:00+00:00,XAUUSD,buy,20.157034458148743,1.0,1.0,0.0,-20.157034458148743,0.0,0.0,-0.023369458148742694,0.24618915537725883
2024-01-26 04:30:00+00:00,XAUUSD,buy,20.22295,1.0,1.0,0.0,-20.22295,1.0,20.22295,0.0,0.24618915537725883
2024-01-26 07:10:00+00:00,XAUUSD,sell,20.21085047339781,1.0,-1.0,0.0,20.21085047339781,0.0,0.0,-0.012099526602192157,0.23408962877506667
2024-01-26 09:40:00+00:00,XAUUSD,buy,20.2073,1.0,1.0,0.0,-20.2073,1.0,20.2073,0.0,0.23408962877506667
2024-01-26 13:30:00+00:00,XAUUSD,sell,20.259656183405905,1.0,-1.0,0.0,20.259656183405905,0.0,0.0,0.0523561834059052,0.28644581218097187
2024-01-26 15:30:00+00:00,XAUUSD,buy,20.192985,1.0,1.0,0.0,-20.192985,1.0,20.192985,0.0,0.28644581218097187
2024-01-26 16:10:00+00:00,XAUUSD,sell,20.161123282252,1.0,-1.0,0.0,20.161123282252,0.0,0.0,-0.03186171774800073,0.25458409443297114
2024-01-26 17:40:00+00:00,XAUUSD,sell,20.17105,1.0,-1.0,0.0,20.17105,-1.0,20.17105,0.0,0.25458409443297114
2024-01-26 20:25:00+00:00,XAUUSD,buy,20.18377170743798,1.0,1.0,0.0,-20.18377170743798,0.0,0.0,-0.01272170743797929,0.24186238699499185
2024-01-29 06:05:00+00:00,XAUUSD,buy,20.2671,1.0,1.0,0.0,-20.2671,1.0,20.2671,0.0,0.24186238699499185
2024-01-29 06:55:00+00:00,XAUUSD,sell,20.290256405379267,1.0,-1.0,0.0,20.290256405379267,0.0,0.0,0.023156405379268108,0.26501879237425996
2024-01-29 07:50:00+00:00,XAUUSD,sell,20.3149,1.0,-1.0,0.0,20.3149,-1.0,20.3149,0.0,0.26501879237425996
2024-01-29 10:40:00+00:00,XAUUSD,buy,20.26122656306623,1.0,1.0,0.0,-20.26122656306623,0.0,0.0,0.0536734369337708,0.31869222930803076
2024-01-29 13:20:00+00:00,XAUUSD,buy,20.3041,1.0,1.0,0.0,-20.3041,1.0,20.3041,0.0,0.31869222930803076
2024-01-29 13:40:00+00:00,XAUUSD,sell,20.34933168265775,1.0,-1.0,0.0,20.34933168265775,0.0,0.0,0.04523168265775013,0.3639239119657809
2024-01-29 14:15:00+00:00,XAUUSD,sell,20.35275,1.0,-1.0,0.0,20.35275,-1.0,20.35275,0.0,0.3639239119657809
2024-01-29 14:30:00+00:00,XAUUSD,buy,20.300099940617294,1.0,1.0,0.0,-20.300099940617294,0.0,0.0,0.052650059382706615,0.4165739713484875
2024-01-29 17:15:00+00:00,XAUUSD,buy,20.28505,1.0,1.0,0.0,-20.28505,1.0,20.28505,0.0,0.4165739713484875
2024-01-29 18:20:00+00:00,XAUUSD,sell,20.26415178120921,1.0,-1.0,0.0,20.26415178120921,0.0,0.0,-0.020898218790787126,0.3956757525577004
2024-01-29 18:45:00+00:00,XAUUSD,sell,20.25785,1.0,-1.0,0.0,20.25785,-1.0,20.25785,0.0,0.3956757525577004
2024-01-29 19:05:00+00:00,XAUUSD,buy,20.271313045208228,1.0,1.0,0.0,-20.271313045208228,0.0,0.0,-0.013463045208226276,0.3822127073494741
2024-02-02 15:55:00+00:00,XAUUSD,buy,20.350700000000003,1.0,1.0,0.0,-20.350700000000003,1.0,20.350700000000003,0.0,0.3822127073494741
2024-02-02 21:55:00+00:00,XAUUSD,sell,20.39865,1.0,-1.0,0.0,20.39865,0.0,0.0,0.047949999999996606,0.4301627073494707
2024-02-05 02:20:00+00:00,XAUUSD,sell,20.36245,1.0,-1.0,0.0,20.36245,-1.0,20.36245,0.0,0.4301627073494707
2024-02-05 03:20:00+00:00,XAUUSD,buy,20.307000175891,1.0,1.0,0.0,-20.307000175891,0.0,0.0,0.05544982410899735,0.48561253145846806
2024-02-07 06:55:00+00:00,XAUUSD,buy,20.33565,1.0,1.0,0.0,-20.33565,1.0,20.33565,0.0,0.48561253145846806
2024-02-07 07:30:00+00:00,XAUUSD,sell,20.36007545147656,1.0,-1.0,0.0,20.36007545147656,0.0,0.0,0.024425451476560056,0.5100379829350281
2024-02-07 09:25:00+00:00,XAUUSD,buy,20.341,1.0,1.0,0.0,-20.341,1.0,20.341,0.0,0.5100379829350281
2024-02-07 12:10:00+00:00,XAUUSD,sell,20.32552589031806,1.0,-1.0,0.0,20.32552589031806,0.0,0.0,-0.01547410968194285,0.49456387325308526
2024-02-07 14:40:00+00:00,XAUUSD,buy,20.4037,1.0,1.0,0.0,-20.4037,1.0,20.4037,0.0,0.49456387325308526
2024-02-07 20:40:00+00:00,XAUUSD,sell,20.35475,1.0,-1.0,0.0,20.35475,0.0,0.0,-0.04895000000000138,0.4456138732530839
2024-02-08 04:15:00+00:00,XAUUSD,buy,20.335355,1.0,1.0,0.0,-20.335355,1.0,20.335355,0.0,0.4456138732530839
2024-02-08 04:45:00+00:00,XAUUSD,sell,20.32458837201826,1.0,-1.0,0.0,20.32458837201826,0.0,0.0,-0.01076662798174155,0.43484724527134233
2024-02-08 05:55:00+00:00,XAUUSD,buy,20.335935,1.0,1.0,0.0,-20.335935,1.0,20.335935,0.0,0.43484724527134233
2024-02-08 07:45:00+00:00,XAUUSD,sell,20.320404877818568,1.0,-1.0,0.0,20.320404877818568,0.0,0.0,-0.015530122181431238,0.4193171230899111
2024-02-08 09:35:00+00:00,XAUUSD,buy,20.31565,1.0,1.0,0.0,-20.31565,1.0,20.31565,0.0,0.4193171230899111
2024-02-08 09:45:00+00:00,XAUUSD,sell,20.336925321705973,1.0,-1.0,0.0,20.336925321705973,0.0,0.0,0.02127532170597135,0.44059244479588244
2024-02-08 13:20:00+00:00,XAUUSD,buy,20.2638,1.0,1.0,0.0,-20.2638,1.0,20.2638,0.0,0.44059244479588244
2024-02-08 13:30:00+00:00,XAUUSD,sell,20.229660720717835,1.0,-1.0,0.0,20.229660720717835,0.0,0.0,-0.03413927928216509,0.40645316551371735
2024-02-08 18:00:00+00:00,XAUUSD,buy,20.34045,1.0,1.0,0.0,-20.34045,1.0,20.34045,0.0,0.40645316551371735
2024-02-09 00:00:00+00:00,XAUUSD,sell,20.3377,1.0,-1.0,0.0,20.3377,0.0,0.0,-0.00274999999999892,0.40370316551371843
2024-02-09 01:20:00+00:00,XAUUSD,buy,20.346615,1.0,1.0,0.0,-20.346615,1.0,20.346615,0.0,0.40370316551371843
2024-02-09 07:20:00+00:00,XAUUSD,sell,20.34035,1.0,-1.0,0.0,20.34035,0.0,0.0,-0.006264999999999077,0.39743816551371935
2024-02-09 15:05:00+00:00,XAUUSD,buy,20.2641,1.0,1.0,0.0,-20.2641,1.0,20.2641,0.0,0.39743816551371935
2024-02-09 15:20:00+00:00,XAUUSD,sell,20.227230504341563,1.0,-1.0,0.0,20.227230504341563,0.0,0.0,-0.036869495658436335,0.360568669855283
2024-02-09 17:05:00+00:00,XAUUSD,buy,20.2249,1.0,1.0,0.0,-20.2249,1.0,20.2249,0.0,0.360568669855283
2024-02-11 23:00:00+00:00,XAUUSD,sell,20.267520873116016,1.0,-1.0,0.0,20.267520873116016,0.0,0.0,0.04262087311601448,0.4031895429712975
2024-02-12 01:10:00+00:00,XAUUSD,sell,20.24675,1.0,-1.0,0.0,20.24675,-1.0,20.24675,0.0,0.4031895429712975
2024-02-12 07:10:00+00:00,XAUUSD,buy,20.23515,1.0,1.0,0.0,-20.23515,0.0,0.0,0.011599999999997834,0.41478954297129533
2024-02-12 08:45:00+00:00,XAUUSD,sell,20.247300000000003,1.0,-1.0,0.0,20.247300000000003,-1.0,20.247300000000003,0.0,0.41478954297129533
2024-02-12 13:20:00+00:00,XAUUSD,buy,20.274838342899525,1.0,1.0,0.0,-20.274838342899525,0.0,0.0,-0.02753834289952195,0.3872512000717734
2024-02-13 13:30:00+00:00,XAUUSD,sell,20.15645,1.0,-1.0,0.0,20.15645,-1.0,20.15645,0.0,0.3872512000717734
2024-02-13 19:30:00+00:00,XAUUSD,buy,19.92065,1.0,1.0,0.0,-19.92065,0.0,0.0,0.23580000000000112,0.6230512000717745
2024-02-14 02:10:00+00:00,XAUUSD,sell,19.9235,1.0,-1.0,0.0,19.9235,-1.0,19.9235,0.0,0.6230512000717745
2024-02-14 02:20:00+00:00,XAUUSD,buy,19.917794312318964,1.0,1.0,0.0,-19.917794312318964,0.0,0.0,0.005705687681036409,0.6287568877528109
2024-02-14 02:35:00+00:00,XAUUSD,sell,19.9156,1.0,-1.0,0.0,19.9156,-1.0,19.9156,0.0,0.6287568877528109
2024-02-14 08:30:00+00:00,XAUUSD,buy,19.87019197258778,1.0,1.0,0.0,-19.87019197258778,0.0,0.0,0.04540802741222194,0.6741649151650329
2024-02-15 03:20:00+00:00,XAUUSD,sell,19.925635,1.0,-1.0,0.0,19.925635,-1.0,19.925635,0.0,0.6741649151650329
2024-02-15 03:45:00+00:00,XAUUSD,buy,19.90879180772923,1.0,1.0,0.0,-19.90879180772923,0.0,0.0,0.01684319227076969,0.6910081074358025
2024-02-15 13:30:00+00:00,XAUUSD,sell,19.9593,1.0,-1.0,0.0,19.9593,-1.0,19.9593,0.0,0.6910081074358025
2024-02-15 13:35:00+00:00,XAUUSD,buy,20.00816520955271,1.0,1.0,0.0,-20.00816520955271,0.0,0.0,-0.04886520955271223,0.6421428978830903
2024-02-15 14:30:00+00:00,XAUUSD,buy,20.0762,1.0,1.0,0.0,-20.0762,1.0,20.0762,0.0,0.6421428978830903
2024-02-15 15:35:00+00:00,XAUUSD,sell,20.011288200576363,1.0,-1.0,0.0,20.011288200576363,0.0,0.0,-0.064911799423637,0.5772310984594533
2024-02-16 01:25:00+00:00,XAUUSD,buy,20.0395,1.0,1.0,0.0,-20.0395,1.0,20.0395,0.0,0.5772310984594533
2024-02-16 07:25:00+00:00,XAUUSD,sell,20.04975,1.0,-1.0,0.0,20.04975,0.0,0.0,0.010249999999999204,0.5874810984594525
2024-02-19 11:35:00+00:00,XAUUSD,sell,20.183865,1.0,-1.0,0.0,20.183865,-1.0,20.183865,0.0,0.5874810984594525
2024-02-19 12:45:00+00:00,XAUUSD,buy,20.163861146326138,1.0,1.0,0.0,-20.163861146326138,0.0,0.0,0.020003853673863148,0.6074849521333157
2024-02-19 14:20:00+00:00,XAUUSD,buy,20.173735,1.0,1.0,0.0,-20.173735,1.0,20.173735,0.0,0.6074849521333157
2024-02-19 15:40:00+00:00,XAUUSD,sell,20.159614274965325,1.0,-1.0,0.0,20.159614274965325,0.0,0.0,-0.014120725034675985,0.5933642270986397
2024-02-20 02:25:00+00:00,XAUUSD,buy,20.183205,1.0,1.0,0.0,-20.183205,1.0,20.183205,0.0,0.5933642270986397
2024-02-20 07:20:00+00:00,XAUUSD,sell,20.21778805242632,1.0,-1.0,0.0,20.21778805242632,0.0,0.0,0.03458305242632065,0.6279472795249603
2024-02-20 08:15:00+00:00,XAUUSD,buy,20.222965,1.0,1.0,0.0,-20.222965,1.0,20.222965,0.0,0.6279472795249603
2024-02-20 10:20:00+00:00,XAUUSD,sell,20.25347782746328,1.0,-1.0,0.0,20.25347782746328,0.0,0.0,0.03051282746327999,0.6584601069882403
2024-02-20 14:00:00+00:00,XAUUSD,sell,20.286,1.0,-1.0,0.0,20.286,-1.0,20.286,0.0,0.6584601069882403
2024-02-20 20:00:00+00:00,XAUUSD,buy,20.24125,1.0,1.0,0.0,-20.24125,0.0,0.0,0.04475000000000051,0.7032101069882408
2024-02-20 21:20:00+00:00,XAUUSD,buy,20.246885,1.0,1.0,0.0,-20.246885,1.0,20.246885,0.0,0.7032101069882408
2024-02-20 21:40:00+00:00,XAUUSD,sell,20.24115900753324,1.0,-1.0,0.0,20.24115900753324,0.0,0.0,-0.005725992466757646,0.6974841145214832
2024-02-21 20:35:00+00:00,XAUUSD,buy,20.25935,1.0,1.0,0.0,-20.25935,1.0,20.25935,0.0,0.6974841145214832
2024-02-22 02:35:00+00:00,XAUUSD,sell,20.271700000000003,1.0,-1.0,0.0,20.271700000000003,0.0,0.0,0.012350000000001415,0.7098341145214846
2024-02-23 02:25:00+00:00,XAUUSD,sell,20.2592,1.0,-1.0,0.0,20.2592,-1.0,20.2592,0.0,0.7098341145214846
2024-02-23 05:40:00+00:00,XAUUSD,buy,20.22592445731665,1.0,1.0,0.0,-20.22592445731665,0.0,0.0,0.03327554268334865,0.7431096572048332
2024-02-23 06:45:00+00:00,XAUUSD,buy,20.2066,1.0,1.0,0.0,-20.2066,1.0,20.2066,0.0,0.7431096572048332
2024-02-23 09:20:00+00:00,XAUUSD,sell,20.18003719414053,1.0,-1.0,0.0,20.18003719414053,0.0,0.0,-0.026562805859470018,0.7165468513453632
2024-02-23 13:20:00+00:00,XAUUSD,sell,20.2645,1.0,-1.0,0.0,20.2645,-1.0,20.2645,0.0,0.7165468513453632
2024-02-23 15:55:00+00:00,XAUUSD,buy,20.2914258991847,1.0,1.0,0.0,-20.2914258991847,0.0,0.0,-0.02692589918469679,0.6896209521606664
2024-02-23 16:20:00+00:00,XAUUSD,buy,20.34275,1.0,1.0,0.0,-20.34275,1.0,20.34275,0.0,0.6896209521606664
2024-02-25 23:20:00+00:00,XAUUSD,sell,20.349535,1.0,-1.0,0.0,20.349535,0.0,0.0,0.006785000000000707,0.6964059521606671
2024-02-26 01:20:00+00:00,XAUUSD,buy,20.32685,1.0,1.0,0.0,-20.32685,1.0,20.32685,0.0,0.6964059521606671
2024-02-26 07:20:00+00:00,XAUUSD,sell,20.343085,1.0,-1.0,0.0,20.343085,0.0,0.0,0.016234999999998223,0.7126409521606654
2024-02-26 15:40:00+00:00,XAUUSD,buy,20.28495,1.0,1.0,0.0,-20.28495,1.0,20.28495,0.0,0.7126409521606654
2024-02-26 21:40:00+00:00,XAUUSD,sell,20.312415,1.0,-1.0,0.0,20.312415,0.0,0.0,0.02746500000000296,0.7401059521606683
2024-02-27 10:55:00+00:00,XAUUSD,buy,20.3651,1.0,1.0,0.0,-20.3651,1.0,20.3651,0.0,0.7401059521606683
2024-02-27 14:05:00+00:00,XAUUSD,sell,20.345560458920456,1.0,-1.0,0.0,20.345560458920456,0.0,0.0,-0.019539541079545586,0.7205664110811227
2024-02-27 17:50:00+00:00,XAUUSD,buy,20.322615,1.0,1.0,0.0,-20.322615,1.0,20.322615,0.0,0.7205664110811227
2024-02-27 19:45:00+00:00,XAUUSD,sell,20.296695531282506,1.0,-1.0,0.0,20.296695531282506,0.0,0.0,-0.025919468717493288,0.6946469423636294
2024-02-27 20:40:00+00:00,XAUUSD,buy,20.301435,1.0,1.0,0.0,-20.301435,1.0,20.301435,0.0,0.6946469423636294
2024-02-28 01:40:00+00:00,XAUUSD,sell,20.32920005366746,1.0,-1.0,0.0,20.32920005366746,0.0,0.0,0.027765053667458517,0.722411996031088
2024-02-28 02:00:00+00:00,XAUUSD,sell,20.3265,1.0,-1.0,0.0,20.3265,-1.0,20.3265,0.0,0.722411996031088
2024-02-28 02:40:00+00:00,XAUUSD,buy,20.30694941296591,1.0,1.0,0.0,-20.30694941296591,0.0,0.0,0.019550587034089517,0.7419625830651775
2024-02-28 03:10:00+00:00,XAUUSD,sell,20.3059,1.0,-1.0,0.0,20.3059,-1.0,20.3059,0.0,0.7419625830651775
2024-02-28 03:30:00+00:00,XAUUSD,buy,20.3169308956476,1.0,1.0,0.0,-20.3169308956476,0.0,0.0,-0.011030895647600403,0.7309316874175771
2024-02-28 03:50:00+00:00,XAUUSD,sell,20.31015,1.0,-1.0,0.0,20.31015,-1.0,20.31015,0.0,0.7309316874175771
2024-02-28 06:05:00+00:00,XAUUSD,buy,20.32000937570545,1.0,1.0,0.0,-20.32000937570545,0.0,0.0,-0.00985937570544948,0.7210723117121276
2024-02-28 15:25:00+00:00,XAUUSD,buy,20.331885,1.0,1.0,0.0,-20.331885,1.0,20.331885,0.0,0.7210723117121276
2024-02-28 21:25:00+00:00,XAUUSD,sell,20.337200000000003,1.0,-1.0,0.0,20.337200000000003,0.0,0.0,0.005315000000003067,0.7263873117121307
2024-02-29 01:35:00+00:00,XAUUSD,buy,20.3581,1.0,1.0,0.0,-20.3581,1.0,20.3581,0.0,0.7263873117121307
2024-02-29 07:35:00+00:00,XAUUSD,sell,20.3756,1.0,-1.0,0.0,20.3756,0.0,0.0,0.017499999999998295,0.743887311712129
2024-02-29 08:05:00+00:00,XAUUSD,sell,20.361,1.0,-1.0,0.0,20.361,-1.0,20.361,0.0,0.743887311712129
2024-02-29 10:20:00+00:00,XAUUSD,buy,20.331904646346285,1.0,1.0,0.0,-20.331904646346285,0.0,0.0,0.02909535365371596,0.7729826653658449
2024-02-29 11:30:00+00:00,XAUUSD,sell,20.3075,1.0,-1.0,0.0,20.3075,-1.0,20.3075,0.0,0.7729826653658449
2024-02-29 12:20:00+00:00,XAUUSD,buy,20.28871923678089,1.0,1.0,0.0,-20.28871923678089,0.0,0.0,0.018780763219112373,0.7917634285849573
2024-02-29 12:35:00+00:00,XAUUSD,buy,20.298405,1.0,1.0,0.0,-20.298405,1.0,20.298405,0.0,0.7917634285849573
2024-02-29 13:25:00+00:00,XAUUSD,sell,20.3345998595461,1.0,-1.0,0.0,20.3345998595461,0.0,0.0,0.03619485954610013,0.8279582881310574
2024-02-29 14:40:00+00:00,XAUUSD,buy,20.4986,1.0,1.0,0.0,-20.4986,1.0,20.4986,0.0,0.8279582881310574
2024-02-29 14:50:00+00:00,XAUUSD,sell,20.47379625442821,1.0,-1.0,0.0,20.47379625442821,0.0,0.0,-0.024803745571791325,0.8031545425592661
2024-02-29 15:35:00+00:00,XAUUSD,buy,20.4933,1.0,1.0,0.0,-20.4933,1.0,20.4933,0.0,0.8031545425592661
2024-02-29 16:10:00+00:00,XAUUSD,sell,20.46186656744228,1.0,-1.0,0.0,20.46186656744228,0.0,0.0,-0.031433432557722796,0.7717211100015433
2024-03-01 01:35:00+00:00,XAUUSD,buy,20.443215,1.0,1.0,0.0,-20.443215,1.0,20.443215,0.0,0.7717211100015433
2024-03-01 02:40:00+00:00,XAUUSD,sell,20.458651613594338,1.0,-1.0,0.0,20.458651613594338,0.0,0.0,0.015436613594339121,0.7871577235958824
2024-03-01 03:10:00+00:00,XAUUSD,buy,20.46155,1.0,1.0,0.0,-20.46155,1.0,20.46155,0.0,0.7871577235958824
2024-03-01 05:05:00+00:00,XAUUSD,sell,20.450272417346067,1.0,-1.0,0.0,20.450272417346067,0.0,0.0,-0.011277582653931972,0.7758801409419505
2024-03-01 11:35:00+00:00,XAUUSD,buy,20.5683,1.0,1.0,0.0,-20.5683,1.0,20.5683,0.0,0.7758801409419505
2024-03-01 12:45:00+00:00,XAUUSD,sell,20.53724104427427,1.0,-1.0,0.0,20.53724104427427,0.0,0.0,-0.031058955725729476,0.744821185216221
2024-03-04 02:25:00+00:00,XAUUSD,buy,20.818385,1.0,1.0,0.0,-20.818385,1.0,20.818385,0.0,0.744821185216221
2024-03-04 07:45:00+00:00,XAUUSD,sell,20.869176159715764,1.0,-1.0,0.0,20.869176159715764,0.0,0.0,0.05079115971576442,0.7956123449319854
2024-03-05 02:30:00+00:00,XAUUSD,buy,21.131335,1.0,1.0,0.0,-21.131335,1.0,21.131335,0.0,0.7956123449319854
2024-03-05 05:20:00+00:00,XAUUSD,sell,21.16825579977805,1.0,-1.0,0.0,21.16825579977805,0.0,0.0,0.03692079977804852,0.8325331447100339
2024-03-05 05:30:00+00:00,XAUUSD,buy,21.171915,1.0,1.0,0.0,-21.171915,1.0,21.171915,0.0,0.8325331447100339
2024-03-05 06:45:00+00:00,XAUUSD,sell,21.15277675325137,1.0,-1.0,0.0,21.15277675325137,0.0,0.0,-0.019138246748628518,0.8133948979614054
2024-03-05 14:10:00+00:00,XAUUSD,buy,21.303965,1.0,1.0,0.0,-21.303965,1.0,21.303965,0.0,0.8133948979614054
2024-03-05 20:10:00+00:00,XAUUSD,sell,21.292900000000003,1.0,-1.0,0.0,21.292900000000003,0.0,0.0,-0.011064999999998548,0.8023298979614069
2024-03-07 03:50:00+00:00,XAUUSD,buy,21.523215,1.0,1.0,0.0,-21.523215,1.0,21.523215,0.0,0.8023298979614069
2024-03-07 04:00:00+00:00,XAUUSD,sell,21.578727251961496,1.0,-1.0,0.0,21.578727251961496,0.0,0.0,0.05551225196149545,0.8578421499229023
2024-03-07 12:00:00+00:00,XAUUSD,buy,21.5699,1.0,1.0,0.0,-21.5699,1.0,21.5699,0.0,0.8578421499229023
2024-03-07 12:35:00+00:00,XAUUSD,sell,21.54457389090556,1.0,-1.0,0.0,21.54457389090556,0.0,0.0,-0.025326109094439886,0.8325160408284624
2024-03-07 12:50:00+00:00,XAUUSD,buy,21.5818,1.0,1.0,0.0,-21.5818,1.0,21.5818,0.0,0.8325160408284624
2024-03-07 14:30:00+00:00,XAUUSD,sell,21.537402568752224,1.0,-1.0,0.0,21.537402568752224,0.0,0.0,-0.044397431247777064,0.7881186095806854
2024-03-07 17:10:00+00:00,XAUUSD,buy,21.583245,1.0,1.0,0.0,-21.583245,1.0,21.583245,0.0,0.7881186095806854
2024-03-07 23:10:00+00:00,XAUUSD,sell,21.59445,1.0,-1.0,0.0,21.59445,0.0,0.0,0.0112049999999968,0.7993236095806822
2024-03-11 03:05:00+00:00,XAUUSD,buy,21.78525,1.0,1.0,0.0,-21.78525,1.0,21.78525,0.0,0.7993236095806822
2024-03-11 07:55:00+00:00,XAUUSD,sell,21.821419865568902,1.0,-1.0,0.0,21.821419865568902,0.0,0.0,0.036169865568901116,0.8354934751495833
2024-03-11 11:30:00+00:00,XAUUSD,buy,21.78035,1.0,1.0,0.0,-21.78035,1.0,21.78035,0.0,0.8354934751495833
2024-03-11 13:05:00+00:00,XAUUSD,sell,21.762909291579074,1.0,-1.0,0.0,21.762909291579074,0.0,0.0,-0.017440708420924267,0.818052766728659
2024-03-12 08:55:00+00:00,XAUUSD,buy,21.77875,1.0,1.0,0.0,-21.77875,1.0,21.77875,0.0,0.818052766728659
2024-03-12 10:00:00+00:00,XAUUSD,sell,21.75824195424609,1.0,-1.0,0.0,21.75824195424609,0.0,0.0,-0.02050804575391041,0.7975447209747486
2024-03-12 13:30:00+00:00,XAUUSD,sell,21.60675,1.0,-1.0,0.0,21.60675,-1.0,21.60675,0.0,0.7975447209747486
2024-03-12 19:30:00+00:00,XAUUSD,buy,21.55225,1.0,1.0,0.0,-21.55225,0.0,0.0,0.05450000000000088,0.8520447209747495
2024-03-13 14:20:00+00:00,XAUUSD,buy,21.685435,1.0,1.0,0.0,-21.685435,1.0,21.685435,0.0,0.8520447209747495
2024-03-13 17:15:00+00:00,XAUUSD,sell,21.793392961740587,1.0,-1.0,0.0,21.793392961740587,0.0,0.0,0.10795796174058836,0.9600026827153378
2024-03-13 18:50:00+00:00,XAUUSD,sell,21.7494,1.0,-1.0,0.0,21.7494,-1.0,21.7494,0.0,0.9600026827153378
2024-03-14 00:50:00+00:00,XAUUSD,buy,21.759715,1.0,1.0,0.0,-21.759715,0.0,0.0,-0.01031499999999852,0.9496876827153393
2024-03-14 06:45:00+00:00,XAUUSD,sell,21.68115,1.0,-1.0,0.0,21.68115,-1.0,21.68115,0.0,0.9496876827153393
2024-03-14 09:30:00+00:00,XAUUSD,buy,21.701437109809124,1.0,1.0,0.0,-21.701437109809124,0.0,0.0,-0.02028710980912507,0.9294005729062143
2024-03-14 10:30:00+00:00,XAUUSD,buy,21.70845,1.0,1.0,0.0,-21.70845,1.0,21.70845,0.0,0.9294005729062143
2024-03-14 11:45:00+00:00,XAUUSD,sell,21.678314527827304,1.0,-1.0,0.0,21.678314527827304,0.0,0.0,-0.030135472172695188,0.8992651007335191
2024-03-14 12:20:00+00:00,XAUUSD,sell,21.66085,1.0,-1.0,0.0,21.66085,-1.0,21.66085,0.0,0.8992651007335191
2024-03-14 12:40:00+00:00,XAUUSD,buy,21.696058810401823,1.0,1.0,0.0,-21.696058810401823,0.0,0.0,-0.03520881040182289,0.8640562903316962
2024-03-14 16:20:00+00:00,XAUUSD,buy,21.59075,1.0,1.0,0.0,-21.59075,1.0,21.59075,0.0,0.8640562903316962
2024-03-14 17:15:00+00:00,XAUUSD,sell,21.644124905615875,1.0,-1.0,0.0,21.644124905615875,0.0,0.0,0.053374905615875434,0.9174311959475716
2024-03-15 09:50:00+00:00,XAUUSD,buy,21.703455,1.0,1.0,0.0,-21.703455,1.0,21.703455,0.0,0.9174311959475716
2024-03-15 11:05:00+00:00,XAUUSD,sell,21.67303406119202,1.0,-1.0,0.0,21.67303406119202,0.0,0.0,-0.030420938807981912,0.8870102571395897
2024-03-15 13:45:00+00:00,XAUUSD,buy,21.60425,1.0,1.0,0.0,-21.60425,1.0,21.60425,0.0,0.8870102571395897
2024-03-15 17:30:00+00:00,XAUUSD,sell,21.56178554779404,1.0,-1.0,0.0,21.56178554779404,0.0,0.0,-0.042464452205958736,0.844545804933631
2024-03-18 01:00:00+00:00,XAUUSD,sell,21.549100000000003,1.0,-1.0,0.0,21.549100000000003,-1.0,21.549100000000003,0.0,0.844545804933631
2024-03-18 01:20:00+00:00,XAUUSD,buy,21.51540141755184,1.0,1.0,0.0,-21.51540141755184,0.0,0.0,0.033698582448163705,0.8782443873817947
2024-03-18 02:05:00+00:00,XAUUSD,sell,21.51925,1.0,-1.0,0.0,21.51925,-1.0,21.51925,0.0,0.8782443873817947
2024-03-18 02:45:00+00:00,XAUUSD,buy,21.486008006109643,1.0,1.0,0.0,-21.486008006109643,0.0,0.0,0.03324199389035698,0.9114863812721516
2024-03-18 11:50:00+00:00,XAUUSD,sell,21.5995,1.0,-1.0,0.0,21.5995,-1.0,21.5995,0.0,0.9114863812721516
2024-03-18 12:05:00+00:00,XAUUSD,buy,21.6146053571502,1.0,1.0,0.0,-21.6146053571502,0.0,0.0,-0.015105357150201115,0.8963810241219505
2024-03-18 12:50:00+00:00,XAUUSD,sell,21.5904,1.0,-1.0,0.0,21.5904,-1.0,21.5904,0.0,0.8963810241219505
2024-03-18 18:50:00+00:00,XAUUSD,buy,21.602985,1.0,1.0,0.0,-21.602985,0.0,0.0,-0.0125850000000014,0.8837960241219491
2024-03-19 07:05:00+00:00,XAUUSD,sell,21.554,1.0,-1.0,0.0,21.554,-1.0,21.554,0.0,0.8837960241219491
2024-03-19 08:15:00+00:00,XAUUSD,buy,21.50971391871072,1.0,1.0,0.0,-21.50971391871072,0.0,0.0,0.04428608128927891,0.928082105411228
2024-03-19 15:20:00+00:00,XAUUSD,sell,21.50815,1.0,-1.0,0.0,21.50815,-1.0,21.50815,0.0,0.928082105411228
2024-03-19 16:15:00+00:00,XAUUSD,buy,21.55980471544488,1.0,1.0,0.0,-21.55980471544488,0.0,0.0,-0.05165471544487943,0.8764273899663486
2024-03-20 04:15:00+00:00,XAUUSD,sell,21.58895,1.0,-1.0,0.0,21.58895,-1.0,21.58895,0.0,0.8764273899663486
2024-03-20 08:05:00+00:00,XAUUSD,buy,21.558511154164343,1.0,1.0,0.0,-21.558511154164343,0.0,0.0,0.030438845835657702,0.9068662358020063
2024-03-20 09:50:00+00:00,XAUUSD,sell,21.5417,1.0,-1.0,0.0,21.5417,-1.0,21.5417,0.0,0.9068662358020063
2024-03-20 12:40:00+00:00,XAUUSD,buy,21.502285448521576,1.0,1.0,0.0,-21.502285448521576,0.0,0.0,0.039414551478422766,0.9462807872804291
2024-03-20 18:45:00+00:00,XAUUSD,buy,21.77535,1.0,1.0,0.0,-21.77535,1.0,21.77535,0.0,0.9462807872804291
2024-03-20 22:15:00+00:00,XAUUSD,sell,22.09912828920452,1.0,-1.0,0.0,22.09912828920452,0.0,0.0,0.3237782892045189,1.270059076484948
2024-03-20 23:20:00+00:00,XAUUSD,buy,22.05355,1.0,1.0,0.0,-22.05355,1.0,22.05355,0.0,1.270059076484948
2024-03-21 00:35:00+00:00,XAUUSD,sell,21.956406518292177,1.0,-1.0,0.0,21.956406518292177,0.0,0.0,-0.09714348170782472,1.1729155947771233
2024-03-21 15:50:00+00:00,XAUUSD,buy,21.73835,1.0,1.0,0.0,-21.73835,1.0,21.73835,0.0,1.1729155947771233
2024-03-21 17:05:00+00:00,XAUUSD,sell,21.80659308362953,1.0,-1.0,0.0,21.80659308362953,0.0,0.0,0.06824308362952891,1.2411586784066522
2024-03-22 01:30:00+00:00,XAUUSD,sell,21.83325,1.0,-1.0,0.0,21.83325,-1.0,21.83325,0.0,1.2411586784066522
2024-03-22 01:50:00+00:00,XAUUSD,buy,21.77593989055552,1.0,1.0,0.0,-21.77593989055552,0.0,0.0,0.05731010944447945,1.2984687878511316
2024-03-22 02:35:00+00:00,XAUUSD,sell,21.7247,1.0,-1.0,0.0,21.7247,-1.0,21.7247,0.0,1.2984687878511316
2024-03-22 07:20:00+00:00,XAUUSD,buy,21.630096223731748,1.0,1.0,0.0,-21.630096223731748,0.0,0.0,0.09460377626825078,1.3930725641193824
2024-03-26 14:00:00+00:00,XAUUSD,buy,21.85695,1.0,1.0,0.0,-21.85695,1.0,21.85695,0.0,1.3930725641193824
2024-03-26 15:00:00+00:00,XAUUSD,sell,21.77887795161308,1.0,-1.0,0.0,21.77887795161308,0.0,0.0,-0.07807204838692172,1.3150005157324607
2024-03-26 15:10:00+00:00,XAUUSD,sell,21.77085,1.0,-1.0,0.0,21.77085,-1.0,21.77085,0.0,1.3150005157324607
2024-03-26 21:10:00+00:00,XAUUSD,buy,21.7891,1.0,1.0,0.0,-21.7891,0.0,0.0,-0.018250000000001876,1.2967505157324588
2024-03-27 14:50:00+00:00,XAUUSD,buy,21.9523,1.0,1.0,0.0,-21.9523,1.0,21.9523,0.0,1.2967505157324588
2024-03-27 15:20:00+00:00,XAUUSD,sell,21.908977933281506,1.0,-1.0,0.0,21.908977933281506,0.0,0.0,-0.04332206671849548,1.2534284490139633
2024-03-27 16:00:00+00:00,XAUUSD,buy,21.9071,1.0,1.0,0.0,-21.9071,1.0,21.9071,0.0,1.2534284490139633
2024-03-27 22:00:00+00:00,XAUUSD,sell,21.923535,1.0,-1.0,0.0,21.923535,0.0,0.0,0.01643500000000131,1.2698634490139646
2024-03-28 14:30:00+00:00,XAUUSD,buy,22.08875,1.0,1.0,0.0,-22.08875,1.0,22.08875,0.0,1.2698634490139646
2024-03-28 16:25:00+00:00,XAUUSD,sell,22.181159958736952,1.0,-1.0,0.0,22.181159958736952,0.0,0.0,0.09240995873695113,1.3622734077509158
2024-04-01 12:25:00+00:00,XAUUSD,buy,22.4847,1.0,1.0,0.0,-22.4847,1.0,22.4847,0.0,1.3622734077509158
2024-04-01 13:45:00+00:00,XAUUSD,sell,22.433290821379146,1.0,-1.0,0.0,22.433290821379146,0.0,0.0,-0.05140917862085459,1.3108642291300612
2024-04-03 10:35:00+00:00,XAUUSD,buy,22.7283,1.0,1.0,0.0,-22.7283,1.0,22.7283,0.0,1.3108642291300612
2024-04-03 11:25:00+00:00,XAUUSD,sell,22.700800637130182,1.0,-1.0,0.0,22.700800637130182,0.0,0.0,-0.027499362869818356,1.2833648662602428
2024-04-03 14:00:00+00:00,XAUUSD,buy,22.781755,1.0,1.0,0.0,-22.781755,1.0,22.781755,0.0,1.2833648662602428
2024-04-03 16:25:00+00:00,XAUUSD,sell,22.925274299462064,1.0,-1.0,0.0,22.925274299462064,0.0,0.0,0.14351929946206354,1.4268841657223064
2024-04-04 10:50:00+00:00,XAUUSD,buy,22.947335,1.0,1.0,0.0,-22.947335,1.0,22.947335,0.0,1.4268841657223064
2024-04-04 11:35:00+00:00,XAUUSD,sell,22.92437263843076,1.0,-1.0,0.0,22.92437263843076,0.0,0.0,-0.022962361569238254,1.403921804153068
2024-04-05 12:00:00+00:00,XAUUSD,buy,22.9305,1.0,1.0,0.0,-22.9305,1.0,22.9305,0.0,1.403921804153068
2024-04-05 12:05:00+00:00,XAUUSD,sell,22.9159504408709,1.0,-1.0,0.0,22.9159504408709,0.0,0.0,-0.014549559129097389,1.3893722450239707
2024-04-05 12:25:00+00:00,XAUUSD,buy,22.9615,1.0,1.0,0.0,-22.9615,1.0,22.9615,0.0,1.3893722450239707
2024-04-05 12:30:00+00:00,XAUUSD,sell,22.900941246059304,1.0,-1.0,0.0,22.900941246059304,0.0,0.0,-0.060558753940696874,1.3288134910832738
2024-04-05 15:15:00+00:00,XAUUSD,buy,23.24865,1.0,1.0,0.0,-23.24865,1.0,23.24865,0.0,1.3288134910832738
2024-04-07 22:15:00+00:00,XAUUSD,sell,23.14407261512411,1.0,-1.0,0.0,23.14407261512411,0.0,0.0,-0.10457738487589197,1.2242361062073819
2024-04-09 14:05:00+00:00,XAUUSD,buy,23.59625,1.0,1.0,0.0,-23.59625,1.0,23.59625,0.0,1.2242361062073819
2024-04-09 14:35:00+00:00,XAUUSD,sell,23.527256482051385,1.0,-1.0,0.0,23.527256482051385,0.0,0.0,-0.0689935179486163,1.1552425882587656
2024-04-09 19:35:00+00:00,XAUUSD,buy,23.48475,1.0,1.0,0.0,-23.48475,1.0,23.48475,0.0,1.1552425882587656
2024-04-09 23:50:00+00:00,XAUUSD,sell,23.552853659513914,1.0,-1.0,0.0,23.552853659513914,0.0,0.0,0.06810365951391617,1.2233462477726817
2024-04-10 01:55:00+00:00,XAUUSD,buy,23.49515,1.0,1.0,0.0,-23.49515,1.0,23.49515,0.0,1.2233462477726817
2024-04-10 05:10:00+00:00,XAUUSD,sell,23.57560747469228,1.0,-1.0,0.0,23.57560747469228,0.0,0.0,0.08045747469228104,1.3038037224649628
2024-04-10 12:25:00+00:00,XAUUSD,buy,23.500515,1.0,1.0,0.0,-23.500515,1.0,23.500515,0.0,1.3038037224649628
2024-04-10 12:30:00+00:00,XAUUSD,sell,23.471663208423585,1.0,-1.0,0.0,23.471663208423585,0.0,0.0,-0.028851791576414598,1.2749519308885482
2024-04-10 13:40:00+00:00,XAUUSD,buy,23.32825,1.0,1.0,0.0,-23.32825,1.0,23.32825,0.0,1.2749519308885482
2024-04-10 19:40:00+00:00,XAUUSD,sell,23.300385,1.0,-1.0,0.0,23.300385,0.0,0.0,-0.027865000000002027,1.2470869308885462
2024-04-10 20:00:00+00:00,XAUUSD,buy,23.3101,1.0,1.0,0.0,-23.3101,1.0,23.3101,0.0,1.2470869308885462
2024-04-10 22:10:00+00:00,XAUUSD,sell,23.351784738869696,1.0,-1.0,0.0,23.351784738869696,0.0,0.0,0.041684738869697924,1.288771669758244
2024-04-11 14:55:00+00:00,XAUUSD,buy,23.3909,1.0,1.0,0.0,-23.3909,1.0,23.3909,0.0,1.288771669758244
2024-04-11 17:10:00+00:00,XAUUSD,sell,23.539787200460044,1.0,-1.0,0.0,23.539787200460044,0.0,0.0,0.14888720046004522,1.4376588702182893
2024-04-11 19:25:00+00:00,XAUUSD,buy,23.64415,1.0,1.0,0.0,-23.64415,1.0,23.64415,0.0,1.4376588702182893
2024-04-11 19:40:00+00:00,XAUUSD,sell,23.707504855857582,1.0,-1.0,0.0,23.707504855857582,0.0,0.0,0.06335485585758249,1.5010137260758718
2024-04-11 19:55:00+00:00,XAUUSD,buy,23.729,1.0,1.0,0.0,-23.729,1.0,23.729,0.0,1.5010137260758718
2024-04-12 01:55:00+00:00,XAUUSD,sell,23.908700000000003,1.0,-1.0,0.0,23.908700000000003,0.0,0.0,0.17970000000000397,1.6807137260758758
2024-04-12 11:45:00+00:00,XAUUSD,buy,23.9528,1.0,1.0,0.0,-23.9528,1.0,23.9528,0.0,1.6807137260758758
2024-04-12 13:50:00+00:00,XAUUSD,sell,24.058797820184605,1.0,-1.0,0.0,24.058797820184605,0.0,0.0,0.10599782018460502,1.7867115462604808
2024-04-12 14:10:00+00:00,XAUUSD,buy,24.1424,1.0,1.0,0.0,-24.1424,1.0,24.1424,0.0,1.7867115462604808
2024-04-12 15:25:00+00:00,XAUUSD,sell,23.99275536281508,1.0,-1.0,0.0,23.99275536281508,0.0,0.0,-0.14964463718492027,1.6370669090755605
2024-04-15 00:30:00+00:00,XAUUSD,sell,23.57125,1.0,-1.0,0.0,23.57125,-1.0,23.57125,0.0,1.6370669090755605
2024-04-15 06:30:00+00:00,XAUUSD,buy,23.5834,1.0,1.0,0.0,-23.5834,0.0,0.0,-0.012150000000001882,1.6249169090755586
2024-04-16 09:55:00+00:00,XAUUSD,buy,23.7239,1.0,1.0,0.0,-23.7239,1.0,23.7239,0.0,1.6249169090755586
2024-04-16 10:30:00+00:00,XAUUSD,sell,23.69384089908635,1.0,-1.0,0.0,23.69384089908635,0.0,0.0,-0.030059100913650383,1.5948578081619083
2024-04-16 19:30:00+00:00,XAUUSD,sell,23.900915,1.0,-1.0,0.0,23.900915,-1.0,23.900915,0.0,1.5948578081619083
2024-04-16 20:50:00+00:00,XAUUSD,buy,23.808238795378795,1.0,1.0,0.0,-23.808238795378795,0.0,0.0,0.09267620462120618,1.6875340127831144
2024-04-17 09:40:00+00:00,XAUUSD,sell,23.912565,1.0,-1.0,0.0,23.912565,-1.0,23.912565,0.0,1.6875340127831144
2024-04-17 12:20:00+00:00,XAUUSD,buy,23.844589544883043,1.0,1.0,0.0,-23.844589544883043,0.0,0.0,0.06797545511695802,1.7555094679000725
2024-04-18 15:40:00+00:00,XAUUSD,sell,23.81275,1.0,-1.0,0.0,23.81275,-1.0,23.81275,0.0,1.7555094679000725
2024-04-18 15:55:00+00:00,XAUUSD,buy,23.84407449475585,1.0,1.0,0.0,-23.84407449475585,0.0,0.0,-0.031324494755850196,1.7241849731442223
2024-04-19 02:35:00+00:00,XAUUSD,sell,24.0363,1.0,-1.0,0.0,24.0363,-1.0,24.0363,0.0,1.7241849731442223
2024-04-19 04:40:00+00:00,XAUUSD,buy,23.816150646311275,1.0,1.0,0.0,-23.816150646311275,0.0,0.0,0.22014935368872557,1.9443343268329478
2024-04-22 08:35:00+00:00,XAUUSD,buy,23.60705,1.0,1.0,0.0,-23.60705,1.0,23.60705,0.0,1.9443343268329478
2024-04-22 10:35:00+00:00,XAUUSD,sell,23.574994071598773,1.0,-1.0,0.0,23.574994071598773,0.0,0.0,-0.03205592840122762,1.9122783984317202
2024-04-22 11:00:00+00:00,XAUUSD,sell,23.55085,1.0,-1.0,0.0,23.55085,-1.0,23.55085,0.0,1.9122783984317202
2024-04-22 11:15:00+00:00,XAUUSD,buy,23.44179516975292,1.0,1.0,0.0,-23.44179516975292,0.0,0.0,0.10905483024708218,2.0213332286788024
2024-04-22 12:00:00+00:00,XAUUSD,sell,23.4155,1.0,-1.0,0.0,23.4155,-1.0,23.4155,0.0,2.0213332286788024
2024-04-22 12:30:00+00:00,XAUUSD,buy,23.486688194207265,1.0,1.0,0.0,-23.486688194207265,0.0,0.0,-0.07118819420726297,1.9501450344715394
2024-04-22 15:00:00+00:00,XAUUSD,sell,23.399015,1.0,-1.0,0.0,23.399015,-1.0,23.399015,0.0,1.9501450344715394
2024-04-22 16:20:00+00:00,XAUUSD,buy,23.306894678748343,1.0,1.0,0.0,-23.306894678748343,0.0,0.0,0.09212032125165592,2.0422653557231953
2024-04-22 18:00:00+00:00,XAUUSD,sell,23.29295,1.0,-1.0,0.0,23.29295,-1.0,23.29295,0.0,2.0422653557231953
2024-04-23 00:00:00+00:00,XAUUSD,buy,23.3284,1.0,1.0,0.0,-23.3284,0.0,0.0,-0.03544999999999732,2.006815355723198
2024-04-23 17:10:00+00:00,XAUUSD,sell,23.281350000000003,1.0,-1.0,0.0,23.281350000000003,-1.0,23.281350000000003,0.0,2.006815355723198
2024-04-23 23:10:00+00:00,XAUUSD,buy,23.232,1.0,1.0,0.0,-23.232,0.0,0.0,0.049350000000004,2.056165355723202
2024-04-24 02:05:00+00:00,XAUUSD,buy,23.20555,1.0,1.0,0.0,-23.20555,1.0,23.20555,0.0,2.056165355723202
2024-04-24 02:30:00+00:00,XAUUSD,sell,23.18485737457876,1.0,-1.0,0.0,23.18485737457876,0.0,0.0,-0.020692625421240507,2.0354727303019615
2024-04-24 02:50:00+00:00,XAUUSD,buy,23.21255,1.0,1.0,0.0,-23.21255,1.0,23.21255,0.0,2.0354727303019615
2024-04-24 06:00:00+00:00,XAUUSD,sell,23.30713416286141,1.0,-1.0,0.0,23.30713416286141,0.0,0.0,0.09458416286140903,2.1300568931633705
2024-04-24 06:25:00+00:00,XAUUSD,sell,23.26215,1.0,-1.0,0.0,23.26215,-1.0,23.26215,0.0,2.1300568931633705
2024-04-24 09:15:00+00:00,XAUUSD,buy,23.15153368818595,1.0,1.0,0.0,-23.15153368818595,0.0,0.0,0.11061631181404863,2.240673204977419
2024-04-24 14:30:00+00:00,XAUUSD,buy,23.23775,1.0,1.0,0.0,-23.23775,1.0,23.23775,0.0,2.240673204977419
2024-04-24 20:20:00+00:00,XAUUSD,sell,23.16387608458771,1.0,-1.0,0.0,23.16387608458771,0.0,0.0,-0.07387391541228894,2.1667992895651302
2024-04-25 00:15:00+00:00,XAUUSD,buy,23.182705,1.0,1.0,0.0,-23.182705,1.0,23.182705,0.0,2.1667992895651302
2024-04-25 03:10:00+00:00,XAUUSD,sell,23.1530288435383,1.0,-1.0,0.0,23.1530288435383,0.0,0.0,-0.02967615646169719,2.137123133103433
2024-04-25 06:35:00+00:00,XAUUSD,buy,23.20935,1.0,1.0,0.0,-23.20935,1.0,23.20935,0.0,2.137123133103433
2024-04-25 08:00:00+00:00,XAUUSD,sell,23.27636490311351,1.0,-1.0,0.0,23.27636490311351,0.0,0.0,0.06701490311350966,2.2041380362169427
2024-04-25 11:25:00+00:00,XAUUSD,sell,23.27105,1.0,-1.0,0.0,23.27105,-1.0,23.27105,0.0,2.2041380362169427
2024-04-25 11:40:00+00:00,XAUUSD,buy,23.306360393267823,1.0,1.0,0.0,-23.306360393267823,0.0,0.0,-0.03531039326782448,2.1688276429491182
2024-04-25 12:10:00+00:00,XAUUSD,sell,23.27475,1.0,-1.0,0.0,23.27475,-1.0,23.27475,0.0,2.1688276429491182
2024-04-25 12:30:00+00:00,XAUUSD,buy,23.30632705800241,1.0,1.0,0.0,-23.30632705800241,0.0,0.0,-0.03157705800240862,2.1372505849467096
2024-04-25 16:15:00+00:00,XAUUSD,sell,23.2824,1.0,-1.0,0.0,23.2824,-1.0,23.2824,0.0,2.1372505849467096
2024-04-25 17:55:00+00:00,XAUUSD,buy,23.319230706392467,1.0,1.0,0.0,-23.319230706392467,0.0,0.0,-0.036830706392468215,2.1004198785542414
2024-04-29 13:35:00+00:00,XAUUSD,sell,23.312150000000003,1.0,-1.0,0.0,23.312150000000003,-1.0,23.312150000000003,0.0,2.1004198785542414
2024-04-29 13:55:00+00:00,XAUUSD,buy,23.351004801025624,1.0,1.0,0.0,-23.351004801025624,0.0,0.0,-0.038854801025621555,2.06156507752862
2024-04-29 14:20:00+00:00,XAUUSD,sell,23.34315,1.0,-1.0,0.0,23.34315,-1.0,23.34315,0.0,2.06156507752862
2024-04-29 14:25:00+00:00,XAUUSD,buy,23.390194541167403,1.0,1.0,0.0,-23.390194541167403,0.0,0.0,-0.04704454116740209,2.0145205363612178
2024-04-29 15:15:00+00:00,XAUUSD,sell,23.349285,1.0,-1.0,0.0,23.349285,-1.0,23.349285,0.0,2.0145205363612178
2024-04-29 15:40:00+00:00,XAUUSD,buy,23.385488741111867,1.0,1.0,0.0,-23.385488741111867,0.0,0.0,-0.03620374111186919,1.9783167952493486
2024-04-29 17:35:00+00:00,XAUUSD,sell,23.438665,1.0,-1.0,0.0,23.438665,-1.0,23.438665,0.0,1.9783167952493486
2024-04-29 19:00:00+00:00,XAUUSD,buy,23.37371116608245,1.0,1.0,0.0,-23.37371116608245,0.0,0.0,0.06495383391754928,2.043270629166898
2024-04-29 22:30:00+00:00,XAUUSD,sell,23.34445,1.0,-1.0,0.0,23.34445,-1.0,23.34445,0.0,2.043270629166898
2024-04-30 02:10:00+00:00,XAUUSD,buy,23.301514442239423,1.0,1.0,0.0,-23.301514442239423,0.0,0.0,0.04293555776057545,2.0862061869274733
2024-04-30 08:10:00+00:00,XAUUSD,sell,23.162535,1.0,-1.0,0.0,23.162535,-1.0,23.162535,0.0,2.0862061869274733
2024-04-30 08:55:00+00:00,XAUUSD,buy,23.111271325887053,1.0,1.0,0.0,-23.111271325887053,0.0,0.0,0.05126367411294552,2.137469861040419
2024-04-30 11:00:00+00:00,XAUUSD,sell,23.14495,1.0,-1.0,0.0,23.14495,-1.0,23.14495,0.0,2.137469861040419
2024-04-30 12:30:00+00:00,XAUUSD,buy,23.06783598617257,1.0,1.0,0.0,-23.06783598617257,0.0,0.0,0.07711401382742977,2.2145838748678486
2024-04-30 13:35:00+00:00,XAUUSD,buy,23.079500000000003,1.0,1.0,0.0,-23.079500000000003,1.0,23.079500000000003,0.0,2.2145838748678486
2024-04-30 14:05:00+00:00,XAUUSD,sell,23.023610941059484,1.0,-1.0,0.0,23.023610941059484,0.0,0.0,-0.055889058940518765,2.15869481592733
2024-04-30 16:30:00+00:00,XAUUSD,sell,22.9571,1.0,-1.0,0.0,22.9571,-1.0,22.9571,0.0,2.15869481592733
2024-04-30 20:30:00+00:00,XAUUSD,buy,22.8729759067439,1.0,1.0,0.0,-22.8729759067439,0.0,0.0,0.08412409325610071,2.2428189091834305
2024-05-01 00:20:00+00:00,XAUUSD,sell,22.88435,1.0,-1.0,0.0,22.88435,-1.0,22.88435,0.0,2.2428189091834305
2024-05-01 06:20:00+00:00,XAUUSD,buy,22.8884,1.0,1.0,0.0,-22.8884,0.0,0.0,-0.004049999999999443,2.238768909183431
2024-05-01 15:25:00+00:00,XAUUSD,buy,23.0873,1.0,1.0,0.0,-23.0873,1.0,23.0873,0.0,2.238768909183431
2024-05-01 18:00:00+00:00,XAUUSD,sell,22.969244776622627,1.0,-1.0,0.0,22.969244776622627,0.0,0.0,-0.11805522337737173,2.1207136858060593
2024-05-01 19:50:00+00:00,XAUUSD,sell,23.1399,1.0,-1.0,0.0,23.1399,-1.0,23.1399,0.0,2.1207136858060593
2024-05-01 23:45:00+00:00,XAUUSD,buy,23.238380583993145,1.0,1.0,0.0,-23.238380583993145,0.0,0.0,-0.09848058399314397,2.0222331018129154
2024-05-02 12:05:00+00:00,XAUUSD,buy,22.993450000000003,1.0,1.0,0.0,-22.993450000000003,1.0,22.993450000000003,0.0,2.0222331018129154
2024-05-02 12:25:00+00:00,XAUUSD,sell,23.034658258033545,1.0,-1.0,0.0,23.034658258033545,0.0,0.0,0.04120825803354222,2.0634413598464576
2024-05-02 14:15:00+00:00,XAUUSD,buy,22.975135,1.0,1.0,0.0,-22.975135,1.0,22.975135,0.0,2.0634413598464576
2024-05-02 20:15:00+00:00,XAUUSD,sell,23.02865,1.0,-1.0,0.0,23.02865,0.0,0.0,0.053514999999997315,2.116956359846455
2024-05-03 05:55:00+00:00,XAUUSD,sell,23.060815,1.0,-1.0,0.0,23.060815,-1.0,23.060815,0.0,2.116956359846455
2024-05-03 06:50:00+00:00,XAUUSD,buy,23.002772346138425,1.0,1.0,0.0,-23.002772346138425,0.0,0.0,0.05804265386157681,2.1749990137080317
2024-05-06 00:35:00+00:00,XAUUSD,buy,22.9521,1.0,1.0,0.0,-22.9521,1.0,22.9521,0.0,2.1749990137080317
2024-05-06 01:00:00+00:00,XAUUSD,sell,23.025300811383303,1.0,-1.0,0.0,23.025300811383303,0.0,0.0,0.07320081138330181,2.2481998250913335
2024-05-06 02:30:00+00:00,XAUUSD,sell,23.1044,1.0,-1.0,0.0,23.1044,-1.0,23.1044,0.0,2.2481998250913335
2024-05-06 07:25:00+00:00,XAUUSD,buy,23.159636829660244,1.0,1.0,0.0,-23.159636829660244,0.0,0.0,-0.055236829660245235,2.1929629954310883
2024-05-06 12:35:00+00:00,XAUUSD,buy,23.215485,1.0,1.0,0.0,-23.215485,1.0,23.215485,0.0,2.1929629954310883
2024-05-06 18:35:00+00:00,XAUUSD,sell,23.244865,1.0,-1.0,0.0,23.244865,0.0,0.0,0.02937999999999974,2.222342995431088
2024-05-08 04:00:00+00:00,XAUUSD,buy,23.1772,1.0,1.0,0.0,-23.1772,1.0,23.1772,0.0,2.222342995431088
2024-05-08 05:30:00+00:00,XAUUSD,sell,23.209106522341727,1.0,-1.0,0.0,23.209106522341727,0.0,0.0,0.031906522341728305,2.2542495177728163
2024-05-08 11:35:00+00:00,XAUUSD,buy,23.173615,1.0,1.0,0.0,-23.173615,1.0,23.173615,0.0,2.2542495177728163
2024-05-08 11:50:00+00:00,XAUUSD,sell,23.14007125485957,1.0,-1.0,0.0,23.14007125485957,0.0,0.0,-0.033543745140431014,2.2207057726323853
2024-05-08 15:55:00+00:00,XAUUSD,buy,23.204385,1.0,1.0,0.0,-23.204385,1.0,23.204385,0.0,2.2207057726323853
2024-05-08 16:40:00+00:00,XAUUSD,sell,23.16292040728821,1.0,-1.0,0.0,23.16292040728821,0.0,0.0,-0.04146459271179026,2.179241179920595
2024-05-09 00:30:00+00:00,XAUUSD,buy,23.088050000000003,1.0,1.0,0.0,-23.088050000000003,1.0,23.088050000000003,0.0,2.179241179920595
2024-05-09 00:50:00+00:00,XAUUSD,sell,23.10454406623145,1.0,-1.0,0.0,23.10454406623145,0.0,0.0,0.016494066231448556,2.1957352461520436
2024-05-09 12:20:00+00:00,XAUUSD,buy,23.188115,1.0,1.0,0.0,-23.188115,1.0,23.188115,0.0,2.1957352461520436
2024-05-09 12:35:00+00:00,XAUUSD,sell,23.25828495982689,1.0,-1.0,0.0,23.25828495982689,0.0,0.0,0.07016995982689167,2.2659052059789353
2024-05-09 14:55:00+00:00,XAUUSD,buy,23.3339,1.0,1.0,0.0,-23.3339,1.0,23.3339,0.0,2.2659052059789353
2024-05-09 20:00:00+00:00,XAUUSD,sell,23.445451222122927,1.0,-1.0,0.0,23.445451222122927,0.0,0.0,0.11155122212292667,2.377456428101862
2024-05-10 01:00:00+00:00,XAUUSD,buy,23.52035,1.0,1.0,0.0,-23.52035,1.0,23.52035,0.0,2.377456428101862
2024-05-10 06:30:00+00:00,XAUUSD,sell,23.62729465475664,1.0,-1.0,0.0,23.62729465475664,0.0,0.0,0.10694465475663861,2.4844010828585006
2024-05-10 13:20:00+00:00,XAUUSD,buy,23.70595,1.0,1.0,0.0,-23.70595,1.0,23.70595,0.0,2.4844010828585006
2024-05-10 14:55:00+00:00,XAUUSD,sell,23.595557692596937,1.0,-1.0,0.0,23.595557692596937,0.0,0.0,-0.11039230740306394,2.3740087754554366
2024-05-10 16:20:00+00:00,XAUUSD,buy,23.6582,1.0,1.0,0.0,-23.6582,1.0,23.6582,0.0,2.3740087754554366
2024-05-10 20:45:00+00:00,XAUUSD,sell,23.612992126441565,1.0,-1.0,0.0,23.612992126441565,0.0,0.0,-0.04520787355843581,2.328800901897001
2024-05-13 08:15:00+00:00,XAUUSD,sell,23.4797,1.0,-1.0,0.0,23.4797,-1.0,23.4797,0.0,2.328800901897001
2024-05-13 08:40:00+00:00,XAUUSD,buy,23.424284513035985,1.0,1.0,0.0,-23.424284513035985,0.0,0.0,0.05541548696401577,2.3842163888610166
2024-05-13 09:05:00+00:00,XAUUSD,buy,23.44225,1.0,1.0,0.0,-23.44225,1.0,23.44225,0.0,2.3842163888610166
2024-05-13 09:25:00+00:00,XAUUSD,sell,23.413963827097376,1.0,-1.0,0.0,23.413963827097376,0.0,0.0,-0.02828617290262514,2.3559302159583915
2024-05-13 10:10:00+00:00,XAUUSD,buy,23.418415,1.0,1.0,0.0,-23.418415,1.0,23.418415,0.0,2.3559302159583915
2024-05-13 11:10:00+00:00,XAUUSD,sell,23.389094600133657,1.0,-1.0,0.0,23.389094600133657,0.0,0.0,-0.02932039986634294,2.3266098160920485
2024-05-13 12:10:00+00:00,XAUUSD,buy,23.47175,1.0,1.0,0.0,-23.47175,1.0,23.47175,0.0,2.3266098160920485
2024-05-13 13:45:00+00:00,XAUUSD,sell,23.422683519209617,1.0,-1.0,0.0,23.422683519209617,0.0,0.0,-0.04906648079038334,2.277543335301665
2024-05-13 15:55:00+00:00,XAUUSD,buy,23.3596,1.0,1.0,0.0,-23.3596,1.0,23.3596,0.0,2.277543335301665
2024-05-13 21:55:00+00:00,XAUUSD,sell,23.36765,1.0,-1.0,0.0,23.36765,0.0,0.0,0.008050000000000779,2.285593335301666
2024-05-14 18:55:00+00:00,XAUUSD,sell,23.57715,1.0,-1.0,0.0,23.57715,-1.0,23.57715,0.0,2.285593335301666
2024-05-15 00:55:00+00:00,XAUUSD,buy,23.559015,1.0,1.0,0.0,-23.559015,0.0,0.0,0.0181350000000009,2.303728335301667
2024-05-15 01:30:00+00:00,XAUUSD,buy,23.586365,1.0,1.0,0.0,-23.586365,1.0,23.586365,0.0,2.303728335301667
2024-05-15 07:30:00+00:00,XAUUSD,sell,23.641915,1.0,-1.0,0.0,23.641915,0.0,0.0,0.05555000000000021,2.359278335301667
2024-05-15 15:50:00+00:00,XAUUSD,sell,23.7841,1.0,-1.0,0.0,23.7841,-1.0,23.7841,0.0,2.359278335301667
2024-05-15 16:15:00+00:00,XAUUSD,buy,23.842920171896395,1.0,1.0,0.0,-23.842920171896395,0.0,0.0,-0.058820171896396545,2.3004581634052705
2024-05-15 16:35:00+00:00,XAUUSD,sell,23.829235,1.0,-1.0,0.0,23.829235,-1.0,23.829235,0.0,2.3004581634052705
2024-05-15 16:45:00+00:00,XAUUSD,buy,23.86539435777832,1.0,1.0,0.0,-23.86539435777832,0.0,0.0,-0.036159357778320356,2.26429880562695
2024-05-16 07:20:00+00:00,XAUUSD,buy,23.89895,1.0,1.0,0.0,-23.89895,1.0,23.89895,0.0,2.26429880562695
2024-05-16 09:25:00+00:00,XAUUSD,sell,23.84455253485896,1.0,-1.0,0.0,23.84455253485896,0.0,0.0,-0.05439746514104016,2.20990134048591
2024-05-16 14:00:00+00:00,XAUUSD,buy,23.778485,1.0,1.0,0.0,-23.778485,1.0,23.778485,0.0,2.20990134048591
2024-05-16 20:00:00+00:00,XAUUSD,sell,23.7814,1.0,-1.0,0.0,23.7814,0.0,0.0,0.0029150000000015552,2.2128163404859116
2024-05-16 20:15:00+00:00,XAUUSD,sell,23.774215,1.0,-1.0,0.0,23.774215,-1.0,23.774215,0.0,2.2128163404859116
2024-05-17 02:15:00+00:00,XAUUSD,buy,23.78335,1.0,1.0,0.0,-23.78335,0.0,0.0,-0.009134999999997007,2.2036813404859146
2024-05-17 03:55:00+00:00,XAUUSD,buy,23.779335000000003,1.0,1.0,0.0,-23.779335000000003,1.0,23.779335000000003,0.0,2.2036813404859146
2024-05-17 06:10:00+00:00,XAUUSD,sell,23.833107863115963,1.0,-1.0,0.0,23.833107863115963,0.0,0.0,0.053772863115959524,2.257454203601874
2024-05-17 08:10:00+00:00,XAUUSD,sell,23.8263,1.0,-1.0,0.0,23.8263,-1.0,23.8263,0.0,2.257454203601874
2024-05-17 08:55:00+00:00,XAUUSD,buy,23.851609279383823,1.0,1.0,0.0,-23.851609279383823,0.0,0.0,-0.02530927938382277,2.2321449242180513
2024-05-17 12:35:00+00:00,XAUUSD,sell,23.87205,1.0,-1.0,0.0,23.87205,-1.0,23.87205,0.0,2.2321449242180513
2024-05-17 12:40:00+00:00,XAUUSD,buy,23.90569923801646,1.0,1.0,0.0,-23.90569923801646,0.0,0.0,-0.03364923801645858,2.1984956862015927
2024-05-17 13:35:00+00:00,XAUUSD,sell,23.9878,1.0,-1.0,0.0,23.9878,-1.0,23.9878,0.0,2.1984956862015927
2024-05-17 14:25:00+00:00,XAUUSD,buy,24.05869006467809,1.0,1.0,0.0,-24.05869006467809,0.0,0.0,-0.070890064678089,2.1276056215235037
2024-05-17 16:00:00+00:00,XAUUSD,buy,24.110115,1.0,1.0,0.0,-24.110115,1.0,24.110115,0.0,2.1276056215235037
2024-05-19 23:00:00+00:00,XAUUSD,sell,24.18275,1.0,-1.0,0.0,24.18275,0.0,0.0,0.07263499999999823,2.200240621523502
2024-05-20 00:25:00+00:00,XAUUSD,buy,24.217635,1.0,1.0,0.0,-24.217635,1.0,24.217635,0.0,2.200240621523502
2024-05-20 01:00:00+00:00,XAUUSD,sell,24.32764050876991,1.0,-1.0,0.0,24.32764050876991,0.0,0.0,0.110005508769909,2.310246130293411
2024-05-20 01:55:00+00:00,XAUUSD,buy,24.347285,1.0,1.0,0.0,-24.347285,1.0,24.347285,0.0,2.310246130293411
2024-05-20 05:35:00+00:00,XAUUSD,sell,24.46898379915393,1.0,-1.0,0.0,24.46898379915393,0.0,0.0,0.12169879915392912,2.43194492944734
2024-05-21 13:10:00+00:00,XAUUSD,buy,24.2808,1.0,1.0,0.0,-24.2808,1.0,24.2808,0.0,2.43194492944734
2024-05-21 16:00:00+00:00,XAUUSD,sell,24.198998633070136,1.0,-1.0,0.0,24.198998633070136,0.0,0.0,-0.08180136692986295,2.350143562517477
2024-05-22 09:15:00+00:00,XAUUSD,buy,24.176685,1.0,1.0,0.0,-24.176685,1.0,24.176685,0.0,2.350143562517477
2024-05-22 09:30:00+00:00,XAUUSD,sell,24.15190770924572,1.0,-1.0,0.0,24.15190770924572,0.0,0.0,-0.02477729075427959,2.3253662717631975
2024-05-22 17:15:00+00:00,XAUUSD,sell,23.910615,1.0,-1.0,0.0,23.910615,-1.0,23.910615,0.0,2.3253662717631975
2024-05-22 18:20:00+00:00,XAUUSD,buy,23.834184743088947,1.0,1.0,0.0,-23.834184743088947,0.0,0.0,0.07643025691105265,2.40179652867425
2024-05-22 20:30:00+00:00,XAUUSD,sell,23.783215,1.0,-1.0,0.0,23.783215,-1.0,23.783215,0.0,2.40179652867425
2024-05-22 22:00:00+00:00,XAUUSD,buy,23.804298992017003,1.0,1.0,0.0,-23.804298992017003,0.0,0.0,-0.021083992017004505,2.3807125366572457
2024-05-23 00:45:00+00:00,XAUUSD,sell,23.8046,1.0,-1.0,0.0,23.8046,-1.0,23.8046,0.0,2.3807125366572457
2024-05-23 01:20:00+00:00,XAUUSD,buy,23.742484582091144,1.0,1.0,0.0,-23.742484582091144,0.0,0.0,0.06211541790885633,2.442827954566102
2024-05-23 02:35:00+00:00,XAUUSD,sell,23.6966,1.0,-1.0,0.0,23.6966,-1.0,23.6966,0.0,2.442827954566102
2024-05-23 04:15:00+00:00,XAUUSD,buy,23.73421330056725,1.0,1.0,0.0,-23.73421330056725,0.0,0.0,-0.03761330056725143,2.4052146539988506
2024-05-23 11:50:00+00:00,XAUUSD,sell,23.6703,1.0,-1.0,0.0,23.6703,-1.0,23.6703,0.0,2.4052146539988506
2024-05-23 12:50:00+00:00,XAUUSD,buy,23.61552408566641,1.0,1.0,0.0,-23.61552408566641,0.0,0.0,0.054775914333589526,2.45999056833244
2024-05-23 16:10:00+00:00,XAUUSD,sell,23.4568,1.0,-1.0,0.0,23.4568,-1.0,23.4568,0.0,2.45999056833244
2024-05-23 17:25:00+00:00,XAUUSD,buy,23.35849371292809,1.0,1.0,0.0,-23.35849371292809,0.0,0.0,0.09830628707191025,2.5582968554043504
2024-05-24 07:30:00+00:00,XAUUSD,sell,23.373535,1.0,-1.0,0.0,23.373535,-1.0,23.373535,0.0,2.5582968554043504
2024-05-24 08:45:00+00:00,XAUUSD,buy,23.410103835333302,1.0,1.0,0.0,-23.410103835333302,0.0,0.0,-0.03656883533330202,2.5217280200710483
2024-05-24 15:20:00+00:00,XAUUSD,sell,23.363035,1.0,-1.0,0.0,23.363035,-1.0,23.363035,0.0,2.5217280200710483
2024-05-26 22:20:00+00:00,XAUUSD,buy,23.35275,1.0,1.0,0.0,-23.35275,0.0,0.0,0.010284999999999656,2.532013020071048
2024-05-27 11:45:00+00:00,XAUUSD,sell,23.444085,1.0,-1.0,0.0,23.444085,-1.0,23.444085,0.0,2.532013020071048
2024-05-27 12:15:00+00:00,XAUUSD,buy,23.45888824971798,1.0,1.0,0.0,-23.45888824971798,0.0,0.0,-0.014803249717978417,2.5172097703530696
2024-05-28 16:25:00+00:00,XAUUSD,sell,23.57545,1.0,-1.0,0.0,23.57545,-1.0,23.57545,0.0,2.5172097703530696
2024-05-28 22:25:00+00:00,XAUUSD,buy,23.597285,1.0,1.0,0.0,-23.597285,0.0,0.0,-0.021834999999999383,2.49537477035307
2024-05-29 04:30:00+00:00,XAUUSD,sell,23.5733,1.0,-1.0,0.0,23.5733,-1.0,23.5733,0.0,2.49537477035307
2024-05-29 05:30:00+00:00,XAUUSD,buy,23.59191042719494,1.0,1.0,0.0,-23.59191042719494,0.0,0.0,-0.01861042719493966,2.4767643431581305
2024-05-29 13:40:00+00:00,XAUUSD,sell,23.407435,1.0,-1.0,0.0,23.407435,-1.0,23.407435,0.0,2.4767643431581305
2024-05-29 19:40:00+00:00,XAUUSD,buy,23.378335,1.0,1.0,0.0,-23.378335,0.0,0.0,0.02909999999999968,2.5058643431581302
2024-05-30 19:45:00+00:00,XAUUSD,sell,23.40145,1.0,-1.0,0.0,23.40145,-1.0,23.40145,0.0,2.5058643431581302
2024-05-30 20:40:00+00:00,XAUUSD,buy,23.429021436420147,1.0,1.0,0.0,-23.429021436420147,0.0,0.0,-0.027571436420146256,2.478292906737984
2024-06-03 02:20:00+00:00,XAUUSD,sell,23.288315,1.0,-1.0,0.0,23.288315,-1.0,23.288315,0.0,2.478292906737984
2024-06-03 03:25:00+00:00,XAUUSD,buy,23.23913373899836,1.0,1.0,0.0,-23.23913373899836,0.0,0.0,0.04918126100164244,2.5274741677396264
2024-06-03 03:40:00+00:00,XAUUSD,sell,23.23095,1.0,-1.0,0.0,23.23095,-1.0,23.23095,0.0,2.5274741677396264
2024-06-03 07:15:00+00:00,XAUUSD,buy,23.285213094608928,1.0,1.0,0.0,-23.285213094608928,0.0,0.0,-0.05426309460892753,2.473211073130699
2024-06-03 17:20:00+00:00,XAUUSD,sell,23.489065,1.0,-1.0,0.0,23.489065,-1.0,23.489065,0.0,2.473211073130699
2024-06-03 23:20:00+00:00,XAUUSD,buy,23.50905,1.0,1.0,0.0,-23.50905,0.0,0.0,-0.019984999999998365,2.4532260731307005
2024-06-04 09:45:00+00:00,XAUUSD,buy,23.3213,1.0,1.0,0.0,-23.3213,1.0,23.3213,0.0,2.4532260731307005
2024-06-04 11:00:00+00:00,XAUUSD,sell,23.288005637774084,1.0,-1.0,0.0,23.288005637774084,0.0,0.0,-0.03329436222591653,2.419931710904784
2024-06-04 11:55:00+00:00,XAUUSD,buy,23.280385,1.0,1.0,0.0,-23.280385,1.0,23.280385,0.0,2.419931710904784
2024-06-04 12:30:00+00:00,XAUUSD,sell,23.337358641351297,1.0,-1.0,0.0,23.337358641351297,0.0,0.0,0.056973641351298454,2.4769053522560824
2024-06-05 07:20:00+00:00,XAUUSD,sell,23.3071,1.0,-1.0,0.0,23.3071,-1.0,23.3071,0.0,2.4769053522560824
2024-06-05 08:10:00+00:00,XAUUSD,buy,23.341306468839704,1.0,1.0,0.0,-23.341306468839704,0.0,0.0,-0.034206468839705906,2.4426988834163765
2024-06-05 10:35:00+00:00,XAUUSD,buy,23.3382,1.0,1.0,0.0,-23.3382,1.0,23.3382,0.0,2.4426988834163765
2024-06-05 12:45:00+00:00,XAUUSD,sell,23.398789951134106,1.0,-1.0,0.0,23.398789951134106,0.0,0.0,0.060589951134105036,2.5032888345504816
2024-06-05 13:55:00+00:00,XAUUSD,buy,23.45392,1.0,1.0,0.0,-23.45392,1.0,23.45392,0.0,2.5032888345504816
2024-06-05 14:05:00+00:00,XAUUSD,sell,23.37651334735215,1.0,-1.0,0.0,23.37651334735215,0.0,0.0,-0.07740665264784852,2.425882181902633
2024-06-05 14:30:00+00:00,XAUUSD,buy,23.4721,1.0,1.0,0.0,-23.4721,1.0,23.4721,0.0,2.425882181902633
2024-06-05 20:30:00+00:00,XAUUSD,sell,23.53285,1.0,-1.0,0.0,23.53285,0.0,0.0,0.06074999999999875,2.486632181902632
2024-06-06 01:00:00+00:00,XAUUSD,buy,23.5836,1.0,1.0,0.0,-23.5836,1.0,23.5836,0.0,2.486632181902632
2024-06-06 01:25:00+00:00,XAUUSD,sell,23.66314918114445,1.0,-1.0,0.0,23.66314918114445,0.0,0.0,0.07954918114445064,2.5661813630470824
2024-06-06 02:30:00+00:00,XAUUSD,buy,23.7013,1.0,1.0,0.0,-23.7013,1.0,23.7013,0.0,2.5661813630470824
2024-06-06 06:25:00+00:00,XAUUSD,sell,23.647347953678253,1.0,-1.0,0.0,23.647347953678253,0.0,0.0,-0.053952046321747105,2.5122293167253353
2024-06-06 13:20:00+00:00,XAUUSD,buy,23.59155,1.0,1.0,0.0,-23.59155,1.0,23.59155,0.0,2.5122293167253353
2024-06-06 15:15:00+00:00,XAUUSD,sell,23.716836445240407,1.0,-1.0,0.0,23.716836445240407,0.0,0.0,0.12528644524040544,2.637515761965741
2024-06-07 02:30:00+00:00,XAUUSD,buy,23.723515,1.0,1.0,0.0,-23.723515,1.0,23.723515,0.0,2.637515761965741
2024-06-07 03:25:00+00:00,XAUUSD,sell,23.787491946775653,1.0,-1.0,0.0,23.787491946775653,0.0,0.0,0.06397694677565369,2.7014927087413945
2024-06-07 03:35:00+00:00,XAUUSD,buy,23.79565,1.0,1.0,0.0,-23.79565,1.0,23.79565,0.0,2.7014927087413945
2024-06-07 06:15:00+00:00,XAUUSD,sell,23.748523691220523,1.0,-1.0,0.0,23.748523691220523,0.0,0.0,-0.04712630877947532,2.654366399961919
2024-06-07 11:45:00+00:00,XAUUSD,sell,23.3348,1.0,-1.0,0.0,23.3348,-1.0,23.3348,0.0,2.654366399961919
2024-06-07 11:50:00+00:00,XAUUSD,buy,23.35564565450175,1.0,1.0,0.0,-23.35564565450175,0.0,0.0,-0.020845654501748356,2.633520745460171
2024-06-07 13:40:00+00:00,XAUUSD,sell,23.17035,1.0,-1.0,0.0,23.17035,-1.0,23.17035,0.0,2.633520745460171
2024-06-07 19:30:00+00:00,XAUUSD,buy,22.93060699495181,1.0,1.0,0.0,-22.93060699495181,0.0,0.0,0.23974300504819013,2.873263750508361
2024-06-10 03:20:00+00:00,XAUUSD,sell,22.951835000000003,1.0,-1.0,0.0,22.951835000000003,-1.0,22.951835000000003,0.0,2.873263750508361
2024-06-10 06:40:00+00:00,XAUUSD,buy,22.89417479544776,1.0,1.0,0.0,-22.89417479544776,0.0,0.0,0.05766020455224208,2.930923955060603
2024-06-10 18:45:00+00:00,XAUUSD,sell,23.102715,1.0,-1.0,0.0,23.102715,-1.0,23.102715,0.0,2.930923955060603
2024-06-10 19:00:00+00:00,XAUUSD,buy,23.11748090540478,1.0,1.0,0.0,-23.11748090540478,0.0,0.0,-0.01476590540477929,2.9161580496558237
2024-06-11 01:00:00+00:00,XAUUSD,sell,23.08555,1.0,-1.0,0.0,23.08555,-1.0,23.08555,0.0,2.9161580496558237
2024-06-11 01:50:00+00:00,XAUUSD,buy,23.046841775779928,1.0,1.0,0.0,-23.046841775779928,0.0,0.0,0.03870822422007336,2.954866273875897
2024-06-11 22:25:00+00:00,XAUUSD,sell,23.15345,1.0,-1.0,0.0,23.15345,-1.0,23.15345,0.0,2.954866273875897
2024-06-11 22:45:00+00:00,XAUUSD,buy,23.175664212272583,1.0,1.0,0.0,-23.175664212272583,0.0,0.0,-0.022214212272583467,2.9326520616033136
2024-06-12 03:50:00+00:00,XAUUSD,sell,23.143765,1.0,-1.0,0.0,23.143765,-1.0,23.143765,0.0,2.9326520616033136
2024-06-12 06:15:00+00:00,XAUUSD,buy,23.166017629962493,1.0,1.0,0.0,-23.166017629962493,0.0,0.0,-0.022252629962494552,2.910399431640819
2024-06-12 06:55:00+00:00,XAUUSD,sell,23.149015,1.0,-1.0,0.0,23.149015,-1.0,23.149015,0.0,2.910399431640819
2024-06-12 12:30:00+00:00,XAUUSD,buy,23.17578742349101,1.0,1.0,0.0,-23.17578742349101,0.0,0.0,-0.0267724234910105,2.8836270081498085
2024-06-13 08:05:00+00:00,XAUUSD,sell,23.1504,1.0,-1.0,0.0,23.1504,-1.0,23.1504,0.0,2.8836270081498085
2024-06-13 10:20:00+00:00,XAUUSD,buy,23.190182945421004,1.0,1.0,0.0,-23.190182945421004,0.0,0.0,-0.03978294542100258,2.843844062728806
2024-06-13 22:35:00+00:00,XAUUSD,sell,23.031755,1.0,-1.0,0.0,23.031755,-1.0,23.031755,0.0,2.843844062728806
2024-06-14 00:30:00+00:00,XAUUSD,buy,23.042931271173146,1.0,1.0,0.0,-23.042931271173146,0.0,0.0,-0.011176271173145125,2.832667791555661
2024-06-14 16:00:00+00:00,XAUUSD,buy,23.285085,1.0,1.0,0.0,-23.285085,1.0,23.285085,0.0,2.832667791555661
2024-06-16 23:00:00+00:00,XAUUSD,sell,23.288245,1.0,-1.0,0.0,23.288245,0.0,0.0,0.003160000000001162,2.835827791555662
2024-06-17 11:30:00+00:00,XAUUSD,sell,23.1809,1.0,-1.0,0.0,23.1809,-1.0,23.1809,0.0,2.835827791555662
2024-06-17 13:05:00+00:00,XAUUSD,buy,23.216427256071395,1.0,1.0,0.0,-23.216427256071395,0.0,0.0,-0.03552725607139351,2.8003005354842685
2024-06-17 17:20:00+00:00,XAUUSD,sell,23.1586,1.0,-1.0,0.0,23.1586,-1.0,23.1586,0.0,2.8003005354842685
2024-06-17 18:40:00+00:00,XAUUSD,buy,23.187424418823923,1.0,1.0,0.0,-23.187424418823923,0.0,0.0,-0.02882441882392328,2.771476116660345
2024-06-18 09:05:00+00:00,XAUUSD,buy,23.1344,1.0,1.0,0.0,-23.1344,1.0,23.1344,0.0,2.771476116660345
2024-06-18 10:25:00+00:00,XAUUSD,sell,23.10625300554328,1.0,-1.0,0.0,23.10625300554328,0.0,0.0,-0.0281469944567192,2.743329122203626
2024-06-18 16:55:00+00:00,XAUUSD,buy,23.30325,1.0,1.0,0.0,-23.30325,1.0,23.30325,0.0,2.743329122203626
2024-06-18 22:55:00+00:00,XAUUSD,sell,23.283145,1.0,-1.0,0.0,23.283145,0.0,0.0,-0.020104999999997375,2.7232241222036286
2024-06-19 03:10:00+00:00,XAUUSD,buy,23.316535,1.0,1.0,0.0,-23.316535,1.0,23.316535,0.0,2.7232241222036286
2024-06-19 03:20:00+00:00,XAUUSD,sell,23.299910659210592,1.0,-1.0,0.0,23.299910659210592,0.0,0.0,-0.016624340789405778,2.706599781414223
2024-06-19 16:50:00+00:00,XAUUSD,sell,23.296715,1.0,-1.0,0.0,23.296715,-1.0,23.296715,0.0,2.706599781414223
2024-06-19 22:50:00+00:00,XAUUSD,buy,23.30415,1.0,1.0,0.0,-23.30415,0.0,0.0,-0.007435000000000969,2.699164781414222
2024-06-20 09:35:00+00:00,XAUUSD,buy,23.352685,1.0,1.0,0.0,-23.352685,1.0,23.352685,0.0,2.699164781414222
2024-06-20 11:40:00+00:00,XAUUSD,sell,23.41280871985898,1.0,-1.0,0.0,23.41280871985898,0.0,0.0,0.060123719858978575,2.7592885012732005
2024-06-21 07:40:00+00:00,XAUUSD,buy,23.6068,1.0,1.0,0.0,-23.6068,1.0,23.6068,0.0,2.7592885012732005
2024-06-21 13:25:00+00:00,XAUUSD,sell,23.54860721830658,1.0,-1.0,0.0,23.54860721830658,0.0,0.0,-0.058192781693421125,2.7010957195797793
2024-06-21 14:35:00+00:00,XAUUSD,buy,23.36665,1.0,1.0,0.0,-23.36665,1.0,23.36665,0.0,2.7010957195797793
2024-06-21 15:15:00+00:00,XAUUSD,sell,23.2772245679178,1.0,-1.0,0.0,23.2772245679178,0.0,0.0,-0.08942543208220144,2.611670287497578
2024-06-21 15:50:00+00:00,XAUUSD,buy,23.294165,1.0,1.0,0.0,-23.294165,1.0,23.294165,0.0,2.611670287497578
2024-06-21 16:10:00+00:00,XAUUSD,sell,23.24937068889245,1.0,-1.0,0.0,23.24937068889245,0.0,0.0,-0.04479431110754817,2.5668759763900297
2024-06-23 22:55:00+00:00,XAUUSD,sell,23.2161,1.0,-1.0,0.0,23.2161,-1.0,23.2161,0.0,2.5668759763900297
2024-06-23 23:15:00+00:00,XAUUSD,buy,23.2013852016815,1.0,1.0,0.0,-23.2013852016815,0.0,0.0,0.014714798318500755,2.5815907747085305
2024-06-23 23:40:00+00:00,XAUUSD,sell,23.1951,1.0,-1.0,0.0,23.1951,-1.0,23.1951,0.0,2.5815907747085305
2024-06-24 00:00:00+00:00,XAUUSD,buy,23.206840163291474,1.0,1.0,0.0,-23.206840163291474,0.0,0.0,-0.011740163291474204,2.5698506114170563
2024-06-24 08:05:00+00:00,XAUUSD,sell,23.3057,1.0,-1.0,0.0,23.3057,-1.0,23.3057,0.0,2.5698506114170563
2024-06-24 09:05:00+00:00,XAUUSD,buy,23.27377883415532,1.0,1.0,0.0,-23.27377883415532,0.0,0.0,0.03192116584468252,2.601771777261739
2024-06-24 09:30:00+00:00,XAUUSD,sell,23.2498,1.0,-1.0,0.0,23.2498,-1.0,23.2498,0.0,2.601771777261739
2024-06-24 13:25:00+00:00,XAUUSD,buy,23.312393360738337,1.0,1.0,0.0,-23.312393360738337,0.0,0.0,-0.06259336073833666,2.539178416523402
2024-06-25 12:35:00+00:00,XAUUSD,sell,23.26305,1.0,-1.0,0.0,23.26305,-1.0,23.26305,0.0,2.539178416523402
2024-06-25 15:30:00+00:00,XAUUSD,buy,23.17013584146563,1.0,1.0,0.0,-23.17013584146563,0.0,0.0,0.09291415853437002,2.632092575057772
2024-06-27 14:00:00+00:00,XAUUSD,buy,23.2898,1.0,1.0,0.0,-23.2898,1.0,23.2898,0.0,2.632092575057772
2024-06-27 20:00:00+00:00,XAUUSD,sell,23.263935,1.0,-1.0,0.0,23.263935,0.0,0.0,-0.025864999999999583,2.6062275750577726
2024-06-28 03:55:00+00:00,XAUUSD,buy,23.21845,1.0,1.0,0.0,-23.21845,1.0,23.21845,0.0,2.6062275750577726
2024-06-28 04:00:00+00:00,XAUUSD,sell,23.208432933295622,1.0,-1.0,0.0,23.208432933295622,0.0,0.0,-0.010017066704378408,2.596210508353394
2024-06-28 04:50:00+00:00,XAUUSD,buy,23.214135,1.0,1.0,0.0,-23.214135,1.0,23.214135,0.0,2.596210508353394
2024-06-28 05:30:00+00:00,XAUUSD,sell,23.24179244700373,1.0,-1.0,0.0,23.24179244700373,0.0,0.0,0.02765744700372963,2.623867955357124
2024-06-28 06:25:00+00:00,XAUUSD,buy,23.2767,1.0,1.0,0.0,-23.2767,1.0,23.2767,0.0,2.623867955357124
2024-06-28 06:40:00+00:00,XAUUSD,sell,23.254508339764865,1.0,-1.0,0.0,23.254508339764865,0.0,0.0,-0.02219166023513708,2.6016762951219867
