ts,symbol,side,quantity,price,fee,signed_qty,gross_notional,cash_flow
2024-01-03 16:35:00+00:00,XAUUSD,sell,1.0,20.33145,0.0,-1.0,-20.33145,20.33145
2024-01-03 18:45:00+00:00,XAUUSD,buy,1.0,20.361451676878858,0.0,1.0,20.361451676878858,-20.361451676878858
2024-01-04 11:40:00+00:00,XAUUSD,sell,1.0,20.47295,0.0,-1.0,-20.47295,20.47295
2024-01-04 12:00:00+00:00,XAUUSD,buy,1.0,20.449057037378733,0.0,1.0,20.449057037378733,-20.449057037378733
2024-01-05 17:30:00+00:00,XAUUSD,sell,1.0,20.4068,0.0,-1.0,-20.4068,20.4068
2024-01-05 18:40:00+00:00,XAUUSD,buy,1.0,20.4601574595755,0.0,1.0,20.4601574595755,-20.4601574595755
2024-01-12 18:10:00+00:00,XAUUSD,buy,1.0,20.45555,0.0,1.0,20.45555,-20.45555
2024-01-15 01:10:00+00:00,XAUUSD,sell,1.0,20.4833,0.0,-1.0,-20.4833,20.4833
2024-01-16 10:25:00+00:00,XAUUSD,sell,1.0,20.4004,0.0,-1.0,-20.4004,20.4004
2024-01-16 13:10:00+00:00,XAUUSD,buy,1.0,20.34684255409083,0.0,1.0,20.34684255409083,-20.34684255409083
2024-01-16 16:00:00+00:00,XAUUSD,sell,1.0,20.3615,0.0,-1.0,-20.3615,20.3615
2024-01-16 17:05:00+00:00,XAUUSD,buy,1.0,20.270694670490187,0.0,1.0,20.270694670490187,-20.270694670490187
2024-01-16 18:25:00+00:00,XAUUSD,buy,1.0,20.26795,0.0,1.0,20.26795,-20.26795
2024-01-16 18:50:00+00:00,XAUUSD,sell,1.0,20.24456811978614,0.0,-1.0,-20.24456811978614,20.24456811978614
2024-01-16 19:45:00+00:00,XAUUSD,buy,1.0,20.28745,0.0,1.0,20.28745,-20.28745
2024-01-17 01:45:00+00:00,XAUUSD,sell,1.0,20.2971,0.0,-1.0,-20.2971,20.2971
2024-01-17 02:30:00+00:00,XAUUSD,sell,1.0,20.2863,0.0,-1.0,-20.2863,20.2863
2024-01-17 05:20:00+00:00,XAUUSD,buy,1.0,20.19443927357651,0.0,1.0,20.19443927357651,-20.19443927357651
2024-01-18 07:20:00+00:00,XAUUSD,sell,1.0,20.1165,0.0,-1.0,-20.1165,20.1165
2024-01-18 12:05:00+00:00,XAUUSD,buy,1.0,20.143996334132076,0.0,1.0,20.143996334132076,-20.143996334132076
2024-01-19 06:20:00+00:00,XAUUSD,buy,1.0,20.225415,0.0,1.0,20.225415,-20.225415
2024-01-19 07:20:00+00:00,XAUUSD,sell,1.0,20.26117887351535,0.0,-1.0,-20.26117887351535,20.26117887351535
2024-01-19 08:45:00+00:00,XAUUSD,buy,1.0,20.2861,0.0,1.0,20.2861,-20.2861
2024-01-19 12:00:00+00:00,XAUUSD,sell,1.0,20.336922156648843,0.0,-1.0,-20.336922156648843,20.336922156648843
2024-01-19 19:00:00+00:00,XAUUSD,buy,1.0,20.2842,0.0,1.0,20.2842,-20.2842
2024-01-22 00:25:00+00:00,XAUUSD,sell,1.0,20.26696446977624,0.0,-1.0,-20.26696446977624,20.26696446977624
2024-01-22 12:15:00+00:00,XAUUSD,buy,1.0,20.274515,0.0,1.0,20.274515,-20.274515
2024-01-22 13:15:00+00:00,XAUUSD,sell,1.0,20.2518706589624,0.0,-1.0,-20.2518706589624,20.2518706589624
2024-01-22 16:00:00+00:00,XAUUSD,sell,1.0,20.22795,0.0,-1.0,-20.22795,20.22795
2024-01-22 22:00:00+00:00,XAUUSD,buy,1.0,20.215,0.0,1.0,20.215,-20.215
2024-01-23 05:00:00+00:00,XAUUSD,buy,1.0,20.28615,0.0,1.0,20.28615,-20.28615
2024-01-23 06:55:00+00:00,XAUUSD,sell,1.0,20.32561239140924,0.0,-1.0,-20.32561239140924,20.32561239140924
2024-01-23 21:30:00+00:00,XAUUSD,buy,1.0,20.291135,0.0,1.0,20.291135,-20.291135
2024-01-23 23:25:00+00:00,XAUUSD,sell,1.0,20.278362549392416,0.0,-1.0,-20.278362549392416,20.278362549392416
2024-01-24 07:15:00+00:00,XAUUSD,buy,1.0,20.28455,0.0,1.0,20.28455,-20.28455
2024-01-24 09:40:00+00:00,XAUUSD,sell,1.0,20.341171177928302,0.0,-1.0,-20.341171177928302,20.341171177928302
2024-01-24 17:00:00+00:00,XAUUSD,buy,1.0,20.1695,0.0,1.0,20.1695,-20.1695
2024-01-24 19:25:00+00:00,XAUUSD,sell,1.0,20.11650927766504,0.0,-1.0,-20.11650927766504,20.11650927766504
2024-01-24 20:40:00+00:00,XAUUSD,sell,1.0,20.12705,0.0,-1.0,-20.12705,20.12705
2024-01-24 21:50:00+00:00,XAUUSD,buy,1.0,20.13718640916968,0.0,1.0,20.13718640916968,-20.13718640916968
2024-01-25 07:55:00+00:00,XAUUSD,sell,1.0,20.158115,0.0,-1.0,-20.158115,20.158115
2024-01-25 08:15:00+00:00,XAUUSD,buy,1.0,20.1316756462656,0.0,1.0,20.1316756462656,-20.1316756462656
2024-01-25 09:05:00+00:00,XAUUSD,sell,1.0,20.133665,0.0,-1.0,-20.133665,20.133665
2024-01-25 09:35:00+00:00,XAUUSD,buy,1.0,20.157034458148743,0.0,1.0,20.157034458148743,-20.157034458148743
2024-01-26 04:30:00+00:00,XAUUSD,buy,1.0,20.22295,0.0,1.0,20.22295,-20.22295
2024-01-26 07:10:00+00:00,XAUUSD,sell,1.0,20.21085047339781,0.0,-1.0,-20.21085047339781,20.21085047339781
2024-01-26 09:40:00+00:00,XAUUSD,buy,1.0,20.2073,0.0,1.0,20.2073,-20.2073
2024-01-26 13:30:00+00:00,XAUUSD,sell,1.0,20.259656183405905,0.0,-1.0,-20.259656183405905,20.259656183405905
2024-01-26 15:30:00+00:00,XAUUSD,buy,1.0,20.192985,0.0,1.0,20.192985,-20.192985
2024-01-26 16:10:00+00:00,XAUUSD,sell,1.0,20.161123282252,0.0,-1.0,-20.161123282252,20.161123282252
2024-01-26 17:40:00+00:00,XAUUSD,sell,1.0,20.17105,0.0,-1.0,-20.17105,20.17105
2024-01-26 20:25:00+00:00,XAUUSD,buy,1.0,20.18377170743798,0.0,1.0,20.18377170743798,-20.18377170743798
2024-01-29 06:05:00+00:00,XAUUSD,buy,1.0,20.2671,0.0,1.0,20.2671,-20.2671
2024-01-29 06:55:00+00:00,XAUUSD,sell,1.0,20.290256405379267,0.0,-1.0,-20.290256405379267,20.290256405379267
2024-01-29 07:50:00+00:00,XAUUSD,sell,1.0,20.3149,0.0,-1.0,-20.3149,20.3149
2024-01-29 10:40:00+00:00,XAUUSD,buy,1.0,20.26122656306623,0.0,1.0,20.26122656306623,-20.26122656306623
2024-01-29 13:20:00+00:00,XAUUSD,buy,1.0,20.3041,0.0,1.0,20.3041,-20.3041
2024-01-29 13:40:00+00:00,XAUUSD,sell,1.0,20.34933168265775,0.0,-1.0,-20.34933168265775,20.34933168265775
2024-01-29 14:15:00+00:00,XAUUSD,sell,1.0,20.35275,0.0,-1.0,-20.35275,20.35275
2024-01-29 14:30:00+00:00,XAUUSD,buy,1.0,20.300099940617294,0.0,1.0,20.300099940617294,-20.300099940617294
2024-01-29 17:15:00+00:00,XAUUSD,buy,1.0,20.28505,0.0,1.0,20.28505,-20.28505
2024-01-29 18:20:00+00:00,XAUUSD,sell,1.0,20.26415178120921,0.0,-1.0,-20.26415178120921,20.26415178120921
2024-01-29 18:45:00+00:00,XAUUSD,sell,1.0,20.25785,0.0,-1.0,-20.25785,20.25785
2024-01-29 19:05:00+00:00,XAUUSD,buy,1.0,20.271313045208228,0.0,1.0,20.271313045208228,-20.271313045208228
2024-02-02 15:55:00+00:00,XAUUSD,buy,1.0,20.350700000000003,0.0,1.0,20.350700000000003,-20.350700000000003
2024-02-02 21:55:00+00:00,XAUUSD,sell,1.0,20.39865,0.0,-1.0,-20.39865,20.39865
2024-02-05 02:20:00+00:00,XAUUSD,sell,1.0,20.36245,0.0,-1.0,-20.36245,20.36245
2024-02-05 03:20:00+00:00,XAUUSD,buy,1.0,20.307000175891,0.0,1.0,20.307000175891,-20.307000175891
2024-02-07 06:55:00+00:00,XAUUSD,buy,1.0,20.33565,0.0,1.0,20.33565,-20.33565
2024-02-07 07:30:00+00:00,XAUUSD,sell,1.0,20.360075451476558,0.0,-1.0,-20.360075451476558,20.360075451476558
2024-02-07 09:25:00+00:00,XAUUSD,buy,1.0,20.341,0.0,1.0,20.341,-20.341
2024-02-07 12:10:00+00:00,XAUUSD,sell,1.0,20.32552589031806,0.0,-1.0,-20.32552589031806,20.32552589031806
2024-02-07 14:40:00+00:00,XAUUSD,buy,1.0,20.4037,0.0,1.0,20.4037,-20.4037
2024-02-07 20:40:00+00:00,XAUUSD,sell,1.0,20.35475,0.0,-1.0,-20.35475,20.35475
2024-02-08 04:15:00+00:00,XAUUSD,buy,1.0,20.335355,0.0,1.0,20.335355,-20.335355
2024-02-08 04:45:00+00:00,XAUUSD,sell,1.0,20.32458837201826,0.0,-1.0,-20.32458837201826,20.32458837201826
2024-02-08 05:55:00+00:00,XAUUSD,buy,1.0,20.335935,0.0,1.0,20.335935,-20.335935
2024-02-08 07:45:00+00:00,XAUUSD,sell,1.0,20.320404877818568,0.0,-1.0,-20.320404877818568,20.320404877818568
2024-02-08 09:35:00+00:00,XAUUSD,buy,1.0,20.31565,0.0,1.0,20.31565,-20.31565
2024-02-08 09:45:00+00:00,XAUUSD,sell,1.0,20.336925321705973,0.0,-1.0,-20.336925321705973,20.336925321705973
2024-02-08 13:20:00+00:00,XAUUSD,buy,1.0,20.2638,0.0,1.0,20.2638,-20.2638
2024-02-08 13:30:00+00:00,XAUUSD,sell,1.0,20.229660720717835,0.0,-1.0,-20.229660720717835,20.229660720717835
2024-02-08 18:00:00+00:00,XAUUSD,buy,1.0,20.34045,0.0,1.0,20.34045,-20.34045
2024-02-09 00:00:00+00:00,XAUUSD,sell,1.0,20.3377,0.0,-1.0,-20.3377,20.3377
2024-02-09 01:20:00+00:00,XAUUSD,buy,1.0,20.346615,0.0,1.0,20.346615,-20.346615
2024-02-09 07:20:00+00:00,XAUUSD,sell,1.0,20.34035,0.0,-1.0,-20.34035,20.34035
2024-02-09 15:05:00+00:00,XAUUSD,buy,1.0,20.2641,0.0,1.0,20.2641,-20.2641
2024-02-09 15:20:00+00:00,XAUUSD,sell,1.0,20.227230504341563,0.0,-1.0,-20.227230504341563,20.227230504341563
2024-02-09 17:05:00+00:00,XAUUSD,buy,1.0,20.2249,0.0,1.0,20.2249,-20.2249
2024-02-11 23:00:00+00:00,XAUUSD,sell,1.0,20.267520873116016,0.0,-1.0,-20.267520873116016,20.267520873116016
2024-02-12 01:10:00+00:00,XAUUSD,sell,1.0,20.24675,0.0,-1.0,-20.24675,20.24675
2024-02-12 07:10:00+00:00,XAUUSD,buy,1.0,20.23515,0.0,1.0,20.23515,-20.23515
2024-02-12 08:45:00+00:00,XAUUSD,sell,1.0,20.247300000000003,0.0,-1.0,-20.247300000000003,20.247300000000003
2024-02-12 13:20:00+00:00,XAUUSD,buy,1.0,20.274838342899525,0.0,1.0,20.274838342899525,-20.274838342899525
2024-02-13 13:30:00+00:00,XAUUSD,sell,1.0,20.15645,0.0,-1.0,-20.15645,20.15645
2024-02-13 19:30:00+00:00,XAUUSD,buy,1.0,19.92065,0.0,1.0,19.92065,-19.92065
2024-02-14 02:10:00+00:00,XAUUSD,sell,1.0,19.9235,0.0,-1.0,-19.9235,19.9235
2024-02-14 02:20:00+00:00,XAUUSD,buy,1.0,19.917794312318964,0.0,1.0,19.917794312318964,-19.917794312318964
2024-02-14 02:35:00+00:00,XAUUSD,sell,1.0,19.9156,0.0,-1.0,-19.9156,19.9156
2024-02-14 08:30:00+00:00,XAUUSD,buy,1.0,19.87019197258778,0.0,1.0,19.87019197258778,-19.87019197258778
2024-02-15 03:20:00+00:00,XAUUSD,sell,1.0,19.925635,0.0,-1.0,-19.925635,19.925635
2024-02-15 03:45:00+00:00,XAUUSD,buy,1.0,19.90879180772923,0.0,1.0,19.90879180772923,-19.90879180772923
2024-02-15 13:30:00+00:00,XAUUSD,sell,1.0,19.9593,0.0,-1.0,-19.9593,19.9593
2024-02-15 13:35:00+00:00,XAUUSD,buy,1.0,20.00816520955271,0.0,1.0,20.00816520955271,-20.00816520955271
2024-02-15 14:30:00+00:00,XAUUSD,buy,1.0,20.0762,0.0,1.0,20.0762,-20.0762
2024-02-15 15:35:00+00:00,XAUUSD,sell,1.0,20.011288200576363,0.0,-1.0,-20.011288200576363,20.011288200576363
2024-02-16 01:25:00+00:00,XAUUSD,buy,1.0,20.0395,0.0,1.0,20.0395,-20.0395
2024-02-16 07:25:00+00:00,XAUUSD,sell,1.0,20.04975,0.0,-1.0,-20.04975,20.04975
2024-02-19 11:35:00+00:00,XAUUSD,sell,1.0,20.183865,0.0,-1.0,-20.183865,20.183865
2024-02-19 12:45:00+00:00,XAUUSD,buy,1.0,20.163861146326138,0.0,1.0,20.163861146326138,-20.163861146326138
2024-02-19 14:20:00+00:00,XAUUSD,buy,1.0,20.173735,0.0,1.0,20.173735,-20.173735
2024-02-19 15:40:00+00:00,XAUUSD,sell,1.0,20.159614274965325,0.0,-1.0,-20.159614274965325,20.159614274965325
2024-02-20 02:25:00+00:00,XAUUSD,buy,1.0,20.183205,0.0,1.0,20.183205,-20.183205
2024-02-20 07:20:00+00:00,XAUUSD,sell,1.0,20.21778805242632,0.0,-1.0,-20.21778805242632,20.21778805242632
2024-02-20 08:15:00+00:00,XAUUSD,buy,1.0,20.222965,0.0,1.0,20.222965,-20.222965
2024-02-20 10:20:00+00:00,XAUUSD,sell,1.0,20.25347782746328,0.0,-1.0,-20.25347782746328,20.25347782746328
2024-02-20 14:00:00+00:00,XAUUSD,sell,1.0,20.286,0.0,-1.0,-20.286,20.286
2024-02-20 20:00:00+00:00,XAUUSD,buy,1.0,20.24125,0.0,1.0,20.24125,-20.24125
2024-02-20 21:20:00+00:00,XAUUSD,buy,1.0,20.246885,0.0,1.0,20.246885,-20.246885
2024-02-20 21:40:00+00:00,XAUUSD,sell,1.0,20.24115900753324,0.0,-1.0,-20.24115900753324,20.24115900753324
2024-02-21 20:35:00+00:00,XAUUSD,buy,1.0,20.25935,0.0,1.0,20.25935,-20.25935
2024-02-22 02:35:00+00:00,XAUUSD,sell,1.0,20.271700000000003,0.0,-1.0,-20.271700000000003,20.271700000000003
2024-02-23 02:25:00+00:00,XAUUSD,sell,1.0,20.2592,0.0,-1.0,-20.2592,20.2592
2024-02-23 05:40:00+00:00,XAUUSD,buy,1.0,20.22592445731665,0.0,1.0,20.22592445731665,-20.22592445731665
2024-02-23 06:45:00+00:00,XAUUSD,buy,1.0,20.2066,0.0,1.0,20.2066,-20.2066
2024-02-23 09:20:00+00:00,XAUUSD,sell,1.0,20.18003719414053,0.0,-1.0,-20.18003719414053,20.18003719414053
2024-02-23 13:20:00+00:00,XAUUSD,sell,1.0,20.2645,0.0,-1.0,-20.2645,20.2645
2024-02-23 15:55:00+00:00,XAUUSD,buy,1.0,20.2914258991847,0.0,1.0,20.2914258991847,-20.2914258991847
2024-02-23 16:20:00+00:00,XAUUSD,buy,1.0,20.34275,0.0,1.0,20.34275,-20.34275
2024-02-25 23:20:00+00:00,XAUUSD,sell,1.0,20.349535,0.0,-1.0,-20.349535,20.349535
2024-02-26 01:20:00+00:00,XAUUSD,buy,1.0,20.32685,0.0,1.0,20.32685,-20.32685
2024-02-26 07:20:00+00:00,XAUUSD,sell,1.0,20.343085,0.0,-1.0,-20.343085,20.343085
2024-02-26 15:40:00+00:00,XAUUSD,buy,1.0,20.28495,0.0,1.0,20.28495,-20.28495
2024-02-26 21:40:00+00:00,XAUUSD,sell,1.0,20.312415,0.0,-1.0,-20.312415,20.312415
2024-02-27 10:55:00+00:00,XAUUSD,buy,1.0,20.3651,0.0,1.0,20.3651,-20.3651
2024-02-27 14:05:00+00:00,XAUUSD,sell,1.0,20.345560458920456,0.0,-1.0,-20.345560458920456,20.345560458920456
2024-02-27 17:50:00+00:00,XAUUSD,buy,1.0,20.322615,0.0,1.0,20.322615,-20.322615
2024-02-27 19:45:00+00:00,XAUUSD,sell,1.0,20.296695531282506,0.0,-1.0,-20.296695531282506,20.296695531282506
2024-02-27 20:40:00+00:00,XAUUSD,buy,1.0,20.301435,0.0,1.0,20.301435,-20.301435
2024-02-28 01:40:00+00:00,XAUUSD,sell,1.0,20.32920005366746,0.0,-1.0,-20.32920005366746,20.32920005366746
2024-02-28 02:00:00+00:00,XAUUSD,sell,1.0,20.3265,0.0,-1.0,-20.3265,20.3265
2024-02-28 02:40:00+00:00,XAUUSD,buy,1.0,20.30694941296591,0.0,1.0,20.30694941296591,-20.30694941296591
2024-02-28 03:10:00+00:00,XAUUSD,sell,1.0,20.3059,0.0,-1.0,-20.3059,20.3059
2024-02-28 03:30:00+00:00,XAUUSD,buy,1.0,20.3169308956476,0.0,1.0,20.3169308956476,-20.3169308956476
2024-02-28 03:50:00+00:00,XAUUSD,sell,1.0,20.31015,0.0,-1.0,-20.31015,20.31015
2024-02-28 06:05:00+00:00,XAUUSD,buy,1.0,20.32000937570545,0.0,1.0,20.32000937570545,-20.32000937570545
2024-02-28 15:25:00+00:00,XAUUSD,buy,1.0,20.331885,0.0,1.0,20.331885,-20.331885
2024-02-28 21:25:00+00:00,XAUUSD,sell,1.0,20.337200000000003,0.0,-1.0,-20.337200000000003,20.337200000000003
2024-02-29 01:35:00+00:00,XAUUSD,buy,1.0,20.3581,0.0,1.0,20.3581,-20.3581
2024-02-29 07:35:00+00:00,XAUUSD,sell,1.0,20.3756,0.0,-1.0,-20.3756,20.3756
2024-02-29 08:05:00+00:00,XAUUSD,sell,1.0,20.361,0.0,-1.0,-20.361,20.361
2024-02-29 10:20:00+00:00,XAUUSD,buy,1.0,20.331904646346285,0.0,1.0,20.331904646346285,-20.331904646346285
2024-02-29 11:30:00+00:00,XAUUSD,sell,1.0,20.3075,0.0,-1.0,-20.3075,20.3075
2024-02-29 12:20:00+00:00,XAUUSD,buy,1.0,20.28871923678089,0.0,1.0,20.28871923678089,-20.28871923678089
2024-02-29 12:35:00+00:00,XAUUSD,buy,1.0,20.298405,0.0,1.0,20.298405,-20.298405
2024-02-29 13:25:00+00:00,XAUUSD,sell,1.0,20.3345998595461,0.0,-1.0,-20.3345998595461,20.3345998595461
2024-02-29 14:40:00+00:00,XAUUSD,buy,1.0,20.4986,0.0,1.0,20.4986,-20.4986
2024-02-29 14:50:00+00:00,XAUUSD,sell,1.0,20.47379625442821,0.0,-1.0,-20.47379625442821,20.47379625442821
2024-02-29 15:35:00+00:00,XAUUSD,buy,1.0,20.4933,0.0,1.0,20.4933,-20.4933
2024-02-29 16:10:00+00:00,XAUUSD,sell,1.0,20.46186656744228,0.0,-1.0,-20.46186656744228,20.46186656744228
2024-03-01 01:35:00+00:00,XAUUSD,buy,1.0,20.443215,0.0,1.0,20.443215,-20.443215
2024-03-01 02:40:00+00:00,XAUUSD,sell,1.0,20.458651613594338,0.0,-1.0,-20.458651613594338,20.458651613594338
2024-03-01 03:10:00+00:00,XAUUSD,buy,1.0,20.46155,0.0,1.0,20.46155,-20.46155
2024-03-01 05:05:00+00:00,XAUUSD,sell,1.0,20.450272417346067,0.0,-1.0,-20.450272417346067,20.450272417346067
2024-03-01 11:35:00+00:00,XAUUSD,buy,1.0,20.5683,0.0,1.0,20.5683,-20.5683
2024-03-01 12:45:00+00:00,XAUUSD,sell,1.0,20.53724104427427,0.0,-1.0,-20.53724104427427,20.53724104427427
2024-03-04 02:25:00+00:00,XAUUSD,buy,1.0,20.818385,0.0,1.0,20.818385,-20.818385
2024-03-04 07:45:00+00:00,XAUUSD,sell,1.0,20.869176159715764,0.0,-1.0,-20.869176159715764,20.869176159715764
2024-03-05 02:30:00+00:00,XAUUSD,buy,1.0,21.131335,0.0,1.0,21.131335,-21.131335
2024-03-05 05:20:00+00:00,XAUUSD,sell,1.0,21.16825579977805,0.0,-1.0,-21.16825579977805,21.16825579977805
2024-03-05 05:30:00+00:00,XAUUSD,buy,1.0,21.171915,0.0,1.0,21.171915,-21.171915
2024-03-05 06:45:00+00:00,XAUUSD,sell,1.0,21.15277675325137,0.0,-1.0,-21.15277675325137,21.15277675325137
2024-03-05 14:10:00+00:00,XAUUSD,buy,1.0,21.303965,0.0,1.0,21.303965,-21.303965
2024-03-05 20:10:00+00:00,XAUUSD,sell,1.0,21.292900000000003,0.0,-1.0,-21.292900000000003,21.292900000000003
2024-03-07 03:50:00+00:00,XAUUSD,buy,1.0,21.523215,0.0,1.0,21.523215,-21.523215
2024-03-07 04:00:00+00:00,XAUUSD,sell,1.0,21.578727251961496,0.0,-1.0,-21.578727251961496,21.578727251961496
2024-03-07 12:00:00+00:00,XAUUSD,buy,1.0,21.5699,0.0,1.0,21.5699,-21.5699
2024-03-07 12:35:00+00:00,XAUUSD,sell,1.0,21.54457389090556,0.0,-1.0,-21.54457389090556,21.54457389090556
2024-03-07 12:50:00+00:00,XAUUSD,buy,1.0,21.5818,0.0,1.0,21.5818,-21.5818
2024-03-07 14:30:00+00:00,XAUUSD,sell,1.0,21.537402568752224,0.0,-1.0,-21.537402568752224,21.537402568752224
2024-03-07 17:10:00+00:00,XAUUSD,buy,1.0,21.583245,0.0,1.0,21.583245,-21.583245
2024-03-07 23:10:00+00:00,XAUUSD,sell,1.0,21.59445,0.0,-1.0,-21.59445,21.59445
2024-03-11 03:05:00+00:00,XAUUSD,buy,1.0,21.78525,0.0,1.0,21.78525,-21.78525
2024-03-11 07:55:00+00:00,XAUUSD,sell,1.0,21.821419865568902,0.0,-1.0,-21.821419865568902,21.821419865568902
2024-03-11 11:30:00+00:00,XAUUSD,buy,1.0,21.78035,0.0,1.0,21.78035,-21.78035
2024-03-11 13:05:00+00:00,XAUUSD,sell,1.0,21.762909291579074,0.0,-1.0,-21.762909291579074,21.762909291579074
2024-03-12 08:55:00+00:00,XAUUSD,buy,1.0,21.77875,0.0,1.0,21.77875,-21.77875
2024-03-12 10:00:00+00:00,XAUUSD,sell,1.0,21.75824195424609,0.0,-1.0,-21.75824195424609,21.75824195424609
2024-03-12 13:30:00+00:00,XAUUSD,sell,1.0,21.60675,0.0,-1.0,-21.60675,21.60675
2024-03-12 19:30:00+00:00,XAUUSD,buy,1.0,21.55225,0.0,1.0,21.55225,-21.55225
2024-03-13 14:20:00+00:00,XAUUSD,buy,1.0,21.685435,0.0,1.0,21.685435,-21.685435
2024-03-13 17:15:00+00:00,XAUUSD,sell,1.0,21.793392961740587,0.0,-1.0,-21.793392961740587,21.793392961740587
2024-03-13 18:50:00+00:00,XAUUSD,sell,1.0,21.7494,0.0,-1.0,-21.7494,21.7494
2024-03-14 00:50:00+00:00,XAUUSD,buy,1.0,21.759715,0.0,1.0,21.759715,-21.759715
2024-03-14 06:45:00+00:00,XAUUSD,sell,1.0,21.68115,0.0,-1.0,-21.68115,21.68115
2024-03-14 09:30:00+00:00,XAUUSD,buy,1.0,21.701437109809124,0.0,1.0,21.701437109809124,-21.701437109809124
2024-03-14 10:30:00+00:00,XAUUSD,buy,1.0,21.70845,0.0,1.0,21.70845,-21.70845
2024-03-14 11:45:00+00:00,XAUUSD,sell,1.0,21.678314527827304,0.0,-1.0,-21.678314527827304,21.678314527827304
2024-03-14 12:20:00+00:00,XAUUSD,sell,1.0,21.66085,0.0,-1.0,-21.66085,21.66085
2024-03-14 12:40:00+00:00,XAUUSD,buy,1.0,21.696058810401823,0.0,1.0,21.696058810401823,-21.696058810401823
2024-03-14 16:20:00+00:00,XAUUSD,buy,1.0,21.59075,0.0,1.0,21.59075,-21.59075
2024-03-14 17:15:00+00:00,XAUUSD,sell,1.0,21.644124905615875,0.0,-1.0,-21.644124905615875,21.644124905615875
2024-03-15 09:50:00+00:00,XAUUSD,buy,1.0,21.703455,0.0,1.0,21.703455,-21.703455
2024-03-15 11:05:00+00:00,XAUUSD,sell,1.0,21.67303406119202,0.0,-1.0,-21.67303406119202,21.67303406119202
2024-03-15 13:45:00+00:00,XAUUSD,buy,1.0,21.60425,0.0,1.0,21.60425,-21.60425
2024-03-15 17:30:00+00:00,XAUUSD,sell,1.0,21.56178554779404,0.0,-1.0,-21.56178554779404,21.56178554779404
2024-03-18 01:00:00+00:00,XAUUSD,sell,1.0,21.549100000000003,0.0,-1.0,-21.549100000000003,21.549100000000003
2024-03-18 01:20:00+00:00,XAUUSD,buy,1.0,21.51540141755184,0.0,1.0,21.51540141755184,-21.51540141755184
2024-03-18 02:05:00+00:00,XAUUSD,sell,1.0,21.51925,0.0,-1.0,-21.51925,21.51925
2024-03-18 02:45:00+00:00,XAUUSD,buy,1.0,21.486008006109643,0.0,1.0,21.486008006109643,-21.486008006109643
2024-03-18 11:50:00+00:00,XAUUSD,sell,1.0,21.5995,0.0,-1.0,-21.5995,21.5995
2024-03-18 12:05:00+00:00,XAUUSD,buy,1.0,21.6146053571502,0.0,1.0,21.6146053571502,-21.6146053571502
2024-03-18 12:50:00+00:00,XAUUSD,sell,1.0,21.5904,0.0,-1.0,-21.5904,21.5904
2024-03-18 18:50:00+00:00,XAUUSD,buy,1.0,21.602985,0.0,1.0,21.602985,-21.602985
2024-03-19 07:05:00+00:00,XAUUSD,sell,1.0,21.554,0.0,-1.0,-21.554,21.554
2024-03-19 08:15:00+00:00,XAUUSD,buy,1.0,21.50971391871072,0.0,1.0,21.50971391871072,-21.50971391871072
2024-03-19 15:20:00+00:00,XAUUSD,sell,1.0,21.50815,0.0,-1.0,-21.50815,21.50815
2024-03-19 16:15:00+00:00,XAUUSD,buy,1.0,21.55980471544488,0.0,1.0,21.55980471544488,-21.55980471544488
2024-03-20 04:15:00+00:00,XAUUSD,sell,1.0,21.58895,0.0,-1.0,-21.58895,21.58895
2024-03-20 08:05:00+00:00,XAUUSD,buy,1.0,21.558511154164343,0.0,1.0,21.558511154164343,-21.558511154164343
2024-03-20 09:50:00+00:00,XAUUSD,sell,1.0,21.5417,0.0,-1.0,-21.5417,21.5417
2024-03-20 12:40:00+00:00,XAUUSD,buy,1.0,21.502285448521576,0.0,1.0,21.502285448521576,-21.502285448521576
2024-03-20 18:45:00+00:00,XAUUSD,buy,1.0,21.77535,0.0,1.0,21.77535,-21.77535
2024-03-20 22:15:00+00:00,XAUUSD,sell,1.0,22.09912828920452,0.0,-1.0,-22.09912828920452,22.09912828920452
2024-03-20 23:20:00+00:00,XAUUSD,buy,1.0,22.05355,0.0,1.0,22.05355,-22.05355
2024-03-21 00:35:00+00:00,XAUUSD,sell,1.0,21.956406518292177,0.0,-1.0,-21.956406518292177,21.956406518292177
2024-03-21 15:50:00+00:00,XAUUSD,buy,1.0,21.73835,0.0,1.0,21.73835,-21.73835
2024-03-21 17:05:00+00:00,XAUUSD,sell,1.0,21.80659308362953,0.0,-1.0,-21.80659308362953,21.80659308362953
2024-03-22 01:30:00+00:00,XAUUSD,sell,1.0,21.83325,0.0,-1.0,-21.83325,21.83325
2024-03-22 01:50:00+00:00,XAUUSD,buy,1.0,21.775939890555517,0.0,1.0,21.775939890555517,-21.775939890555517
2024-03-22 02:35:00+00:00,XAUUSD,sell,1.0,21.7247,0.0,-1.0,-21.7247,21.7247
2024-03-22 07:20:00+00:00,XAUUSD,buy,1.0,21.630096223731748,0.0,1.0,21.630096223731748,-21.630096223731748
2024-03-26 14:00:00+00:00,XAUUSD,buy,1.0,21.85695,0.0,1.0,21.85695,-21.85695
2024-03-26 15:00:00+00:00,XAUUSD,sell,1.0,21.77887795161308,0.0,-1.0,-21.77887795161308,21.77887795161308
2024-03-26 15:10:00+00:00,XAUUSD,sell,1.0,21.77085,0.0,-1.0,-21.77085,21.77085
2024-03-26 21:10:00+00:00,XAUUSD,buy,1.0,21.7891,0.0,1.0,21.7891,-21.7891
2024-03-27 14:50:00+00:00,XAUUSD,buy,1.0,21.9523,0.0,1.0,21.9523,-21.9523
2024-03-27 15:20:00+00:00,XAUUSD,sell,1.0,21.908977933281506,0.0,-1.0,-21.908977933281506,21.908977933281506
2024-03-27 16:00:00+00:00,XAUUSD,buy,1.0,21.9071,0.0,1.0,21.9071,-21.9071
2024-03-27 22:00:00+00:00,XAUUSD,sell,1.0,21.923535,0.0,-1.0,-21.923535,21.923535
2024-03-28 14:30:00+00:00,XAUUSD,buy,1.0,22.08875,0.0,1.0,22.08875,-22.08875
2024-03-28 16:25:00+00:00,XAUUSD,sell,1.0,22.181159958736952,0.0,-1.0,-22.181159958736952,22.181159958736952
2024-04-01 12:25:00+00:00,XAUUSD,buy,1.0,22.4847,0.0,1.0,22.4847,-22.4847
2024-04-01 13:45:00+00:00,XAUUSD,sell,1.0,22.433290821379146,0.0,-1.0,-22.433290821379146,22.433290821379146
2024-04-03 10:35:00+00:00,XAUUSD,buy,1.0,22.7283,0.0,1.0,22.7283,-22.7283
2024-04-03 11:25:00+00:00,XAUUSD,sell,1.0,22.700800637130182,0.0,-1.0,-22.700800637130182,22.700800637130182
2024-04-03 14:00:00+00:00,XAUUSD,buy,1.0,22.781755,0.0,1.0,22.781755,-22.781755
2024-04-03 16:25:00+00:00,XAUUSD,sell,1.0,22.925274299462064,0.0,-1.0,-22.925274299462064,22.925274299462064
2024-04-04 10:50:00+00:00,XAUUSD,buy,1.0,22.947335,0.0,1.0,22.947335,-22.947335
2024-04-04 11:35:00+00:00,XAUUSD,sell,1.0,22.924372638430757,0.0,-1.0,-22.924372638430757,22.924372638430757
2024-04-05 12:00:00+00:00,XAUUSD,buy,1.0,22.9305,0.0,1.0,22.9305,-22.9305
2024-04-05 12:05:00+00:00,XAUUSD,sell,1.0,22.9159504408709,0.0,-1.0,-22.9159504408709,22.9159504408709
2024-04-05 12:25:00+00:00,XAUUSD,buy,1.0,22.9615,0.0,1.0,22.9615,-22.9615
2024-04-05 12:30:00+00:00,XAUUSD,sell,1.0,22.900941246059304,0.0,-1.0,-22.900941246059304,22.900941246059304
2024-04-05 15:15:00+00:00,XAUUSD,buy,1.0,23.24865,0.0,1.0,23.24865,-23.24865
2024-04-07 22:15:00+00:00,XAUUSD,sell,1.0,23.14407261512411,0.0,-1.0,-23.14407261512411,23.14407261512411
2024-04-09 14:05:00+00:00,XAUUSD,buy,1.0,23.59625,0.0,1.0,23.59625,-23.59625
2024-04-09 14:35:00+00:00,XAUUSD,sell,1.0,23.527256482051385,0.0,-1.0,-23.527256482051385,23.527256482051385
2024-04-09 19:35:00+00:00,XAUUSD,buy,1.0,23.48475,0.0,1.0,23.48475,-23.48475
2024-04-09 23:50:00+00:00,XAUUSD,sell,1.0,23.552853659513914,0.0,-1.0,-23.552853659513914,23.552853659513914
2024-04-10 01:55:00+00:00,XAUUSD,buy,1.0,23.49515,0.0,1.0,23.49515,-23.49515
2024-04-10 05:10:00+00:00,XAUUSD,sell,1.0,23.575607474692276,0.0,-1.0,-23.575607474692276,23.575607474692276
2024-04-10 12:25:00+00:00,XAUUSD,buy,1.0,23.500515,0.0,1.0,23.500515,-23.500515
2024-04-10 12:30:00+00:00,XAUUSD,sell,1.0,23.471663208423585,0.0,-1.0,-23.471663208423585,23.471663208423585
2024-04-10 13:40:00+00:00,XAUUSD,buy,1.0,23.32825,0.0,1.0,23.32825,-23.32825
2024-04-10 19:40:00+00:00,XAUUSD,sell,1.0,23.300385,0.0,-1.0,-23.300385,23.300385
2024-04-10 20:00:00+00:00,XAUUSD,buy,1.0,23.3101,0.0,1.0,23.3101,-23.3101
2024-04-10 22:10:00+00:00,XAUUSD,sell,1.0,23.351784738869696,0.0,-1.0,-23.351784738869696,23.351784738869696
2024-04-11 14:55:00+00:00,XAUUSD,buy,1.0,23.3909,0.0,1.0,23.3909,-23.3909
2024-04-11 17:10:00+00:00,XAUUSD,sell,1.0,23.539787200460044,0.0,-1.0,-23.539787200460044,23.539787200460044
2024-04-11 19:25:00+00:00,XAUUSD,buy,1.0,23.64415,0.0,1.0,23.64415,-23.64415
2024-04-11 19:40:00+00:00,XAUUSD,sell,1.0,23.707504855857582,0.0,-1.0,-23.707504855857582,23.707504855857582
2024-04-11 19:55:00+00:00,XAUUSD,buy,1.0,23.729,0.0,1.0,23.729,-23.729
2024-04-12 01:55:00+00:00,XAUUSD,sell,1.0,23.908700000000003,0.0,-1.0,-23.908700000000003,23.908700000000003
2024-04-12 11:45:00+00:00,XAUUSD,buy,1.0,23.9528,0.0,1.0,23.9528,-23.9528
2024-04-12 13:50:00+00:00,XAUUSD,sell,1.0,24.058797820184605,0.0,-1.0,-24.058797820184605,24.058797820184605
2024-04-12 14:10:00+00:00,XAUUSD,buy,1.0,24.1424,0.0,1.0,24.1424,-24.1424
2024-04-12 15:25:00+00:00,XAUUSD,sell,1.0,23.99275536281508,0.0,-1.0,-23.99275536281508,23.99275536281508
2024-04-15 00:30:00+00:00,XAUUSD,sell,1.0,23.57125,0.0,-1.0,-23.57125,23.57125
2024-04-15 06:30:00+00:00,XAUUSD,buy,1.0,23.5834,0.0,1.0,23.5834,-23.5834
2024-04-16 09:55:00+00:00,XAUUSD,buy,1.0,23.7239,0.0,1.0,23.7239,-23.7239
2024-04-16 10:30:00+00:00,XAUUSD,sell,1.0,23.69384089908635,0.0,-1.0,-23.69384089908635,23.69384089908635
2024-04-16 19:30:00+00:00,XAUUSD,sell,1.0,23.900915,0.0,-1.0,-23.900915,23.900915
2024-04-16 20:50:00+00:00,XAUUSD,buy,1.0,23.808238795378795,0.0,1.0,23.808238795378795,-23.808238795378795
2024-04-17 09:40:00+00:00,XAUUSD,sell,1.0,23.912565,0.0,-1.0,-23.912565,23.912565
2024-04-17 12:20:00+00:00,XAUUSD,buy,1.0,23.844589544883043,0.0,1.0,23.844589544883043,-23.844589544883043
2024-04-18 15:40:00+00:00,XAUUSD,sell,1.0,23.81275,0.0,-1.0,-23.81275,23.81275
2024-04-18 15:55:00+00:00,XAUUSD,buy,1.0,23.84407449475585,0.0,1.0,23.84407449475585,-23.84407449475585
2024-04-19 02:35:00+00:00,XAUUSD,sell,1.0,24.0363,0.0,-1.0,-24.0363,24.0363
2024-04-19 04:40:00+00:00,XAUUSD,buy,1.0,23.816150646311275,0.0,1.0,23.816150646311275,-23.816150646311275
2024-04-22 08:35:00+00:00,XAUUSD,buy,1.0,23.60705,0.0,1.0,23.60705,-23.60705
2024-04-22 10:35:00+00:00,XAUUSD,sell,1.0,23.574994071598773,0.0,-1.0,-23.574994071598773,23.574994071598773
2024-04-22 11:00:00+00:00,XAUUSD,sell,1.0,23.55085,0.0,-1.0,-23.55085,23.55085
2024-04-22 11:15:00+00:00,XAUUSD,buy,1.0,23.44179516975292,0.0,1.0,23.44179516975292,-23.44179516975292
2024-04-22 12:00:00+00:00,XAUUSD,sell,1.0,23.4155,0.0,-1.0,-23.4155,23.4155
2024-04-22 12:30:00+00:00,XAUUSD,buy,1.0,23.486688194207265,0.0,1.0,23.486688194207265,-23.486688194207265
2024-04-22 15:00:00+00:00,XAUUSD,sell,1.0,23.399015,0.0,-1.0,-23.399015,23.399015
2024-04-22 16:20:00+00:00,XAUUSD,buy,1.0,23.306894678748343,0.0,1.0,23.306894678748343,-23.306894678748343
2024-04-22 18:00:00+00:00,XAUUSD,sell,1.0,23.29295,0.0,-1.0,-23.29295,23.29295
2024-04-23 00:00:00+00:00,XAUUSD,buy,1.0,23.3284,0.0,1.0,23.3284,-23.3284
2024-04-23 17:10:00+00:00,XAUUSD,sell,1.0,23.281350000000003,0.0,-1.0,-23.281350000000003,23.281350000000003
2024-04-23 23:10:00+00:00,XAUUSD,buy,1.0,23.232,0.0,1.0,23.232,-23.232
2024-04-24 02:05:00+00:00,XAUUSD,buy,1.0,23.20555,0.0,1.0,23.20555,-23.20555
2024-04-24 02:30:00+00:00,XAUUSD,sell,1.0,23.18485737457876,0.0,-1.0,-23.18485737457876,23.18485737457876
2024-04-24 02:50:00+00:00,XAUUSD,buy,1.0,23.21255,0.0,1.0,23.21255,-23.21255
2024-04-24 06:00:00+00:00,XAUUSD,sell,1.0,23.30713416286141,0.0,-1.0,-23.30713416286141,23.30713416286141
2024-04-24 06:25:00+00:00,XAUUSD,sell,1.0,23.26215,0.0,-1.0,-23.26215,23.26215
2024-04-24 09:15:00+00:00,XAUUSD,buy,1.0,23.15153368818595,0.0,1.0,23.15153368818595,-23.15153368818595
2024-04-24 14:30:00+00:00,XAUUSD,buy,1.0,23.23775,0.0,1.0,23.23775,-23.23775
2024-04-24 20:20:00+00:00,XAUUSD,sell,1.0,23.16387608458771,0.0,-1.0,-23.16387608458771,23.16387608458771
2024-04-25 00:15:00+00:00,XAUUSD,buy,1.0,23.182705,0.0,1.0,23.182705,-23.182705
2024-04-25 03:10:00+00:00,XAUUSD,sell,1.0,23.1530288435383,0.0,-1.0,-23.1530288435383,23.1530288435383
2024-04-25 06:35:00+00:00,XAUUSD,buy,1.0,23.20935,0.0,1.0,23.20935,-23.20935
2024-04-25 08:00:00+00:00,XAUUSD,sell,1.0,23.27636490311351,0.0,-1.0,-23.27636490311351,23.27636490311351
2024-04-25 11:25:00+00:00,XAUUSD,sell,1.0,23.27105,0.0,-1.0,-23.27105,23.27105
2024-04-25 11:40:00+00:00,XAUUSD,buy,1.0,23.306360393267823,0.0,1.0,23.306360393267823,-23.306360393267823
2024-04-25 12:10:00+00:00,XAUUSD,sell,1.0,23.27475,0.0,-1.0,-23.27475,23.27475
2024-04-25 12:30:00+00:00,XAUUSD,buy,1.0,23.30632705800241,0.0,1.0,23.30632705800241,-23.30632705800241
2024-04-25 16:15:00+00:00,XAUUSD,sell,1.0,23.2824,0.0,-1.0,-23.2824,23.2824
2024-04-25 17:55:00+00:00,XAUUSD,buy,1.0,23.319230706392467,0.0,1.0,23.319230706392467,-23.319230706392467
2024-04-29 13:35:00+00:00,XAUUSD,sell,1.0,23.312150000000003,0.0,-1.0,-23.312150000000003,23.312150000000003
2024-04-29 13:55:00+00:00,XAUUSD,buy,1.0,23.351004801025624,0.0,1.0,23.351004801025624,-23.351004801025624
2024-04-29 14:20:00+00:00,XAUUSD,sell,1.0,23.34315,0.0,-1.0,-23.34315,23.34315
2024-04-29 14:25:00+00:00,XAUUSD,buy,1.0,23.390194541167403,0.0,1.0,23.390194541167403,-23.390194541167403
2024-04-29 15:15:00+00:00,XAUUSD,sell,1.0,23.349285,0.0,-1.0,-23.349285,23.349285
2024-04-29 15:40:00+00:00,XAUUSD,buy,1.0,23.385488741111867,0.0,1.0,23.385488741111867,-23.385488741111867
2024-04-29 17:35:00+00:00,XAUUSD,sell,1.0,23.438665,0.0,-1.0,-23.438665,23.438665
2024-04-29 19:00:00+00:00,XAUUSD,buy,1.0,23.37371116608245,0.0,1.0,23.37371116608245,-23.37371116608245
2024-04-29 22:30:00+00:00,XAUUSD,sell,1.0,23.34445,0.0,-1.0,-23.34445,23.34445
2024-04-30 02:10:00+00:00,XAUUSD,buy,1.0,23.301514442239423,0.0,1.0,23.301514442239423,-23.301514442239423
2024-04-30 08:10:00+00:00,XAUUSD,sell,1.0,23.162535,0.0,-1.0,-23.162535,23.162535
2024-04-30 08:55:00+00:00,XAUUSD,buy,1.0,23.111271325887053,0.0,1.0,23.111271325887053,-23.111271325887053
2024-04-30 11:00:00+00:00,XAUUSD,sell,1.0,23.14495,0.0,-1.0,-23.14495,23.14495
2024-04-30 12:30:00+00:00,XAUUSD,buy,1.0,23.06783598617257,0.0,1.0,23.06783598617257,-23.06783598617257
2024-04-30 13:35:00+00:00,XAUUSD,buy,1.0,23.079500000000003,0.0,1.0,23.079500000000003,-23.079500000000003
2024-04-30 14:05:00+00:00,XAUUSD,sell,1.0,23.023610941059484,0.0,-1.0,-23.023610941059484,23.023610941059484
2024-04-30 16:30:00+00:00,XAUUSD,sell,1.0,22.9571,0.0,-1.0,-22.9571,22.9571
2024-04-30 20:30:00+00:00,XAUUSD,buy,1.0,22.8729759067439,0.0,1.0,22.8729759067439,-22.8729759067439
2024-05-01 00:20:00+00:00,XAUUSD,sell,1.0,22.88435,0.0,-1.0,-22.88435,22.88435
2024-05-01 06:20:00+00:00,XAUUSD,buy,1.0,22.8884,0.0,1.0,22.8884,-22.8884
2024-05-01 15:25:00+00:00,XAUUSD,buy,1.0,23.0873,0.0,1.0,23.0873,-23.0873
2024-05-01 18:00:00+00:00,XAUUSD,sell,1.0,22.969244776622627,0.0,-1.0,-22.969244776622627,22.969244776622627
2024-05-01 19:50:00+00:00,XAUUSD,sell,1.0,23.1399,0.0,-1.0,-23.1399,23.1399
2024-05-01 23:45:00+00:00,XAUUSD,buy,1.0,23.238380583993145,0.0,1.0,23.238380583993145,-23.238380583993145
2024-05-02 12:05:00+00:00,XAUUSD,buy,1.0,22.993450000000003,0.0,1.0,22.993450000000003,-22.993450000000003
2024-05-02 12:25:00+00:00,XAUUSD,sell,1.0,23.034658258033545,0.0,-1.0,-23.034658258033545,23.034658258033545
2024-05-02 14:15:00+00:00,XAUUSD,buy,1.0,22.975135,0.0,1.0,22.975135,-22.975135
2024-05-02 20:15:00+00:00,XAUUSD,sell,1.0,23.02865,0.0,-1.0,-23.02865,23.02865
2024-05-03 05:55:00+00:00,XAUUSD,sell,1.0,23.060815,0.0,-1.0,-23.060815,23.060815
2024-05-03 06:50:00+00:00,XAUUSD,buy,1.0,23.002772346138425,0.0,1.0,23.002772346138425,-23.002772346138425
2024-05-06 00:35:00+00:00,XAUUSD,buy,1.0,22.9521,0.0,1.0,22.9521,-22.9521
2024-05-06 01:00:00+00:00,XAUUSD,sell,1.0,23.025300811383303,0.0,-1.0,-23.025300811383303,23.025300811383303
2024-05-06 02:30:00+00:00,XAUUSD,sell,1.0,23.1044,0.0,-1.0,-23.1044,23.1044
2024-05-06 07:25:00+00:00,XAUUSD,buy,1.0,23.159636829660244,0.0,1.0,23.159636829660244,-23.159636829660244
2024-05-06 12:35:00+00:00,XAUUSD,buy,1.0,23.215485,0.0,1.0,23.215485,-23.215485
2024-05-06 18:35:00+00:00,XAUUSD,sell,1.0,23.244865,0.0,-1.0,-23.244865,23.244865
2024-05-08 04:00:00+00:00,XAUUSD,buy,1.0,23.1772,0.0,1.0,23.1772,-23.1772
2024-05-08 05:30:00+00:00,XAUUSD,sell,1.0,23.209106522341727,0.0,-1.0,-23.209106522341727,23.209106522341727
2024-05-08 11:35:00+00:00,XAUUSD,buy,1.0,23.173615,0.0,1.0,23.173615,-23.173615
2024-05-08 11:50:00+00:00,XAUUSD,sell,1.0,23.14007125485957,0.0,-1.0,-23.14007125485957,23.14007125485957
2024-05-08 15:55:00+00:00,XAUUSD,buy,1.0,23.204385,0.0,1.0,23.204385,-23.204385
2024-05-08 16:40:00+00:00,XAUUSD,sell,1.0,23.162920407288212,0.0,-1.0,-23.162920407288212,23.162920407288212
2024-05-09 00:30:00+00:00,XAUUSD,buy,1.0,23.088050000000003,0.0,1.0,23.088050000000003,-23.088050000000003
2024-05-09 00:50:00+00:00,XAUUSD,sell,1.0,23.10454406623145,0.0,-1.0,-23.10454406623145,23.10454406623145
2024-05-09 12:20:00+00:00,XAUUSD,buy,1.0,23.188115,0.0,1.0,23.188115,-23.188115
2024-05-09 12:35:00+00:00,XAUUSD,sell,1.0,23.25828495982689,0.0,-1.0,-23.25828495982689,23.25828495982689
2024-05-09 14:55:00+00:00,XAUUSD,buy,1.0,23.3339,0.0,1.0,23.3339,-23.3339
2024-05-09 20:00:00+00:00,XAUUSD,sell,1.0,23.445451222122927,0.0,-1.0,-23.445451222122927,23.445451222122927
2024-05-10 01:00:00+00:00,XAUUSD,buy,1.0,23.52035,0.0,1.0,23.52035,-23.52035
2024-05-10 06:30:00+00:00,XAUUSD,sell,1.0,23.62729465475664,0.0,-1.0,-23.62729465475664,23.62729465475664
2024-05-10 13:20:00+00:00,XAUUSD,buy,1.0,23.70595,0.0,1.0,23.70595,-23.70595
2024-05-10 14:55:00+00:00,XAUUSD,sell,1.0,23.595557692596937,0.0,-1.0,-23.595557692596937,23.595557692596937
2024-05-10 16:20:00+00:00,XAUUSD,buy,1.0,23.6582,0.0,1.0,23.6582,-23.6582
2024-05-10 20:45:00+00:00,XAUUSD,sell,1.0,23.612992126441565,0.0,-1.0,-23.612992126441565,23.612992126441565
2024-05-13 08:15:00+00:00,XAUUSD,sell,1.0,23.4797,0.0,-1.0,-23.4797,23.4797
2024-05-13 08:40:00+00:00,XAUUSD,buy,1.0,23.424284513035985,0.0,1.0,23.424284513035985,-23.424284513035985
2024-05-13 09:05:00+00:00,XAUUSD,buy,1.0,23.44225,0.0,1.0,23.44225,-23.44225
2024-05-13 09:25:00+00:00,XAUUSD,sell,1.0,23.413963827097376,0.0,-1.0,-23.413963827097376,23.413963827097376
2024-05-13 10:10:00+00:00,XAUUSD,buy,1.0,23.418415,0.0,1.0,23.418415,-23.418415
2024-05-13 11:10:00+00:00,XAUUSD,sell,1.0,23.389094600133657,0.0,-1.0,-23.389094600133657,23.389094600133657
2024-05-13 12:10:00+00:00,XAUUSD,buy,1.0,23.47175,0.0,1.0,23.47175,-23.47175
2024-05-13 13:45:00+00:00,XAUUSD,sell,1.0,23.422683519209617,0.0,-1.0,-23.422683519209617,23.422683519209617
2024-05-13 15:55:00+00:00,XAUUSD,buy,1.0,23.3596,0.0,1.0,23.3596,-23.3596
2024-05-13 21:55:00+00:00,XAUUSD,sell,1.0,23.36765,0.0,-1.0,-23.36765,23.36765
2024-05-14 18:55:00+00:00,XAUUSD,sell,1.0,23.57715,0.0,-1.0,-23.57715,23.57715
2024-05-15 00:55:00+00:00,XAUUSD,buy,1.0,23.559015,0.0,1.0,23.559015,-23.559015
2024-05-15 01:30:00+00:00,XAUUSD,buy,1.0,23.586365,0.0,1.0,23.586365,-23.586365
2024-05-15 07:30:00+00:00,XAUUSD,sell,1.0,23.641915,0.0,-1.0,-23.641915,23.641915
2024-05-15 15:50:00+00:00,XAUUSD,sell,1.0,23.7841,0.0,-1.0,-23.7841,23.7841
2024-05-15 16:15:00+00:00,XAUUSD,buy,1.0,23.842920171896395,0.0,1.0,23.842920171896395,-23.842920171896395
2024-05-15 16:35:00+00:00,XAUUSD,sell,1.0,23.829235,0.0,-1.0,-23.829235,23.829235
2024-05-15 16:45:00+00:00,XAUUSD,buy,1.0,23.865394357778317,0.0,1.0,23.865394357778317,-23.865394357778317
2024-05-16 07:20:00+00:00,XAUUSD,buy,1.0,23.89895,0.0,1.0,23.89895,-23.89895
2024-05-16 09:25:00+00:00,XAUUSD,sell,1.0,23.84455253485896,0.0,-1.0,-23.84455253485896,23.84455253485896
2024-05-16 14:00:00+00:00,XAUUSD,buy,1.0,23.778485,0.0,1.0,23.778485,-23.778485
2024-05-16 20:00:00+00:00,XAUUSD,sell,1.0,23.7814,0.0,-1.0,-23.7814,23.7814
2024-05-16 20:15:00+00:00,XAUUSD,sell,1.0,23.774215,0.0,-1.0,-23.774215,23.774215
2024-05-17 02:15:00+00:00,XAUUSD,buy,1.0,23.78335,0.0,1.0,23.78335,-23.78335
2024-05-17 03:55:00+00:00,XAUUSD,buy,1.0,23.779335000000003,0.0,1.0,23.779335000000003,-23.779335000000003
2024-05-17 06:10:00+00:00,XAUUSD,sell,1.0,23.833107863115963,0.0,-1.0,-23.833107863115963,23.833107863115963
2024-05-17 08:10:00+00:00,XAUUSD,sell,1.0,23.8263,0.0,-1.0,-23.8263,23.8263
2024-05-17 08:55:00+00:00,XAUUSD,buy,1.0,23.851609279383823,0.0,1.0,23.851609279383823,-23.851609279383823
2024-05-17 12:35:00+00:00,XAUUSD,sell,1.0,23.87205,0.0,-1.0,-23.87205,23.87205
2024-05-17 12:40:00+00:00,XAUUSD,buy,1.0,23.90569923801646,0.0,1.0,23.90569923801646,-23.90569923801646
2024-05-17 13:35:00+00:00,XAUUSD,sell,1.0,23.9878,0.0,-1.0,-23.9878,23.9878
2024-05-17 14:25:00+00:00,XAUUSD,buy,1.0,24.05869006467809,0.0,1.0,24.05869006467809,-24.05869006467809
2024-05-17 16:00:00+00:00,XAUUSD,buy,1.0,24.110115,0.0,1.0,24.110115,-24.110115
2024-05-19 23:00:00+00:00,XAUUSD,sell,1.0,24.18275,0.0,-1.0,-24.18275,24.18275
2024-05-20 00:25:00+00:00,XAUUSD,buy,1.0,24.217635,0.0,1.0,24.217635,-24.217635
2024-05-20 01:00:00+00:00,XAUUSD,sell,1.0,24.32764050876991,0.0,-1.0,-24.32764050876991,24.32764050876991
2024-05-20 01:55:00+00:00,XAUUSD,buy,1.0,24.347285,0.0,1.0,24.347285,-24.347285
2024-05-20 05:35:00+00:00,XAUUSD,sell,1.0,24.46898379915393,0.0,-1.0,-24.46898379915393,24.46898379915393
2024-05-21 13:10:00+00:00,XAUUSD,buy,1.0,24.2808,0.0,1.0,24.2808,-24.2808
2024-05-21 16:00:00+00:00,XAUUSD,sell,1.0,24.198998633070136,0.0,-1.0,-24.198998633070136,24.198998633070136
2024-05-22 09:15:00+00:00,XAUUSD,buy,1.0,24.176685,0.0,1.0,24.176685,-24.176685
2024-05-22 09:30:00+00:00,XAUUSD,sell,1.0,24.15190770924572,0.0,-1.0,-24.15190770924572,24.15190770924572
2024-05-22 17:15:00+00:00,XAUUSD,sell,1.0,23.910615,0.0,-1.0,-23.910615,23.910615
2024-05-22 18:20:00+00:00,XAUUSD,buy,1.0,23.834184743088947,0.0,1.0,23.834184743088947,-23.834184743088947
2024-05-22 20:30:00+00:00,XAUUSD,sell,1.0,23.783215,0.0,-1.0,-23.783215,23.783215
2024-05-22 22:00:00+00:00,XAUUSD,buy,1.0,23.804298992017003,0.0,1.0,23.804298992017003,-23.804298992017003
2024-05-23 00:45:00+00:00,XAUUSD,sell,1.0,23.8046,0.0,-1.0,-23.8046,23.8046
2024-05-23 01:20:00+00:00,XAUUSD,buy,1.0,23.742484582091144,0.0,1.0,23.742484582091144,-23.742484582091144
2024-05-23 02:35:00+00:00,XAUUSD,sell,1.0,23.6966,0.0,-1.0,-23.6966,23.6966
2024-05-23 04:15:00+00:00,XAUUSD,buy,1.0,23.73421330056725,0.0,1.0,23.73421330056725,-23.73421330056725
2024-05-23 11:50:00+00:00,XAUUSD,sell,1.0,23.6703,0.0,-1.0,-23.6703,23.6703
2024-05-23 12:50:00+00:00,XAUUSD,buy,1.0,23.61552408566641,0.0,1.0,23.61552408566641,-23.61552408566641
2024-05-23 16:10:00+00:00,XAUUSD,sell,1.0,23.4568,0.0,-1.0,-23.4568,23.4568
2024-05-23 17:25:00+00:00,XAUUSD,buy,1.0,23.35849371292809,0.0,1.0,23.35849371292809,-23.35849371292809
2024-05-24 07:30:00+00:00,XAUUSD,sell,1.0,23.373535,0.0,-1.0,-23.373535,23.373535
2024-05-24 08:45:00+00:00,XAUUSD,buy,1.0,23.410103835333302,0.0,1.0,23.410103835333302,-23.410103835333302
2024-05-24 15:20:00+00:00,XAUUSD,sell,1.0,23.363035,0.0,-1.0,-23.363035,23.363035
2024-05-26 22:20:00+00:00,XAUUSD,buy,1.0,23.35275,0.0,1.0,23.35275,-23.35275
2024-05-27 11:45:00+00:00,XAUUSD,sell,1.0,23.444085,0.0,-1.0,-23.444085,23.444085
2024-05-27 12:15:00+00:00,XAUUSD,buy,1.0,23.45888824971798,0.0,1.0,23.45888824971798,-23.45888824971798
2024-05-28 16:25:00+00:00,XAUUSD,sell,1.0,23.57545,0.0,-1.0,-23.57545,23.57545
2024-05-28 22:25:00+00:00,XAUUSD,buy,1.0,23.597285,0.0,1.0,23.597285,-23.597285
2024-05-29 04:30:00+00:00,XAUUSD,sell,1.0,23.5733,0.0,-1.0,-23.5733,23.5733
2024-05-29 05:30:00+00:00,XAUUSD,buy,1.0,23.59191042719494,0.0,1.0,23.59191042719494,-23.59191042719494
2024-05-29 13:40:00+00:00,XAUUSD,sell,1.0,23.407435,0.0,-1.0,-23.407435,23.407435
2024-05-29 19:40:00+00:00,XAUUSD,buy,1.0,23.378335,0.0,1.0,23.378335,-23.378335
2024-05-30 19:45:00+00:00,XAUUSD,sell,1.0,23.40145,0.0,-1.0,-23.40145,23.40145
2024-05-30 20:40:00+00:00,XAUUSD,buy,1.0,23.429021436420147,0.0,1.0,23.429021436420147,-23.429021436420147
2024-06-03 02:20:00+00:00,XAUUSD,sell,1.0,23.288315,0.0,-1.0,-23.288315,23.288315
2024-06-03 03:25:00+00:00,XAUUSD,buy,1.0,23.23913373899836,0.0,1.0,23.23913373899836,-23.23913373899836
2024-06-03 03:40:00+00:00,XAUUSD,sell,1.0,23.23095,0.0,-1.0,-23.23095,23.23095
2024-06-03 07:15:00+00:00,XAUUSD,buy,1.0,23.285213094608928,0.0,1.0,23.285213094608928,-23.285213094608928
2024-06-03 17:20:00+00:00,XAUUSD,sell,1.0,23.489065,0.0,-1.0,-23.489065,23.489065
2024-06-03 23:20:00+00:00,XAUUSD,buy,1.0,23.50905,0.0,1.0,23.50905,-23.50905
2024-06-04 09:45:00+00:00,XAUUSD,buy,1.0,23.3213,0.0,1.0,23.3213,-23.3213
2024-06-04 11:00:00+00:00,XAUUSD,sell,1.0,23.288005637774084,0.0,-1.0,-23.288005637774084,23.288005637774084
2024-06-04 11:55:00+00:00,XAUUSD,buy,1.0,23.280385,0.0,1.0,23.280385,-23.280385
2024-06-04 12:30:00+00:00,XAUUSD,sell,1.0,23.337358641351297,0.0,-1.0,-23.337358641351297,23.337358641351297
2024-06-05 07:20:00+00:00,XAUUSD,sell,1.0,23.3071,0.0,-1.0,-23.3071,23.3071
2024-06-05 08:10:00+00:00,XAUUSD,buy,1.0,23.341306468839704,0.0,1.0,23.341306468839704,-23.341306468839704
2024-06-05 10:35:00+00:00,XAUUSD,buy,1.0,23.3382,0.0,1.0,23.3382,-23.3382
2024-06-05 12:45:00+00:00,XAUUSD,sell,1.0,23.398789951134106,0.0,-1.0,-23.398789951134106,23.398789951134106
2024-06-05 13:55:00+00:00,XAUUSD,buy,1.0,23.45392,0.0,1.0,23.45392,-23.45392
2024-06-05 14:05:00+00:00,XAUUSD,sell,1.0,23.37651334735215,0.0,-1.0,-23.37651334735215,23.37651334735215
2024-06-05 14:30:00+00:00,XAUUSD,buy,1.0,23.4721,0.0,1.0,23.4721,-23.4721
2024-06-05 20:30:00+00:00,XAUUSD,sell,1.0,23.53285,0.0,-1.0,-23.53285,23.53285
2024-06-06 01:00:00+00:00,XAUUSD,buy,1.0,23.5836,0.0,1.0,23.5836,-23.5836
2024-06-06 01:25:00+00:00,XAUUSD,sell,1.0,23.66314918114445,0.0,-1.0,-23.66314918114445,23.66314918114445
2024-06-06 02:30:00+00:00,XAUUSD,buy,1.0,23.7013,0.0,1.0,23.7013,-23.7013
2024-06-06 06:25:00+00:00,XAUUSD,sell,1.0,23.647347953678253,0.0,-1.0,-23.647347953678253,23.647347953678253
2024-06-06 13:20:00+00:00,XAUUSD,buy,1.0,23.59155,0.0,1.0,23.59155,-23.59155
2024-06-06 15:15:00+00:00,XAUUSD,sell,1.0,23.716836445240407,0.0,-1.0,-23.716836445240407,23.716836445240407
2024-06-07 02:30:00+00:00,XAUUSD,buy,1.0,23.723515,0.0,1.0,23.723515,-23.723515
2024-06-07 03:25:00+00:00,XAUUSD,sell,1.0,23.787491946775653,0.0,-1.0,-23.787491946775653,23.787491946775653
2024-06-07 03:35:00+00:00,XAUUSD,buy,1.0,23.79565,0.0,1.0,23.79565,-23.79565
2024-06-07 06:15:00+00:00,XAUUSD,sell,1.0,23.748523691220523,0.0,-1.0,-23.748523691220523,23.748523691220523
2024-06-07 11:45:00+00:00,XAUUSD,sell,1.0,23.3348,0.0,-1.0,-23.3348,23.3348
2024-06-07 11:50:00+00:00,XAUUSD,buy,1.0,23.35564565450175,0.0,1.0,23.35564565450175,-23.35564565450175
2024-06-07 13:40:00+00:00,XAUUSD,sell,1.0,23.17035,0.0,-1.0,-23.17035,23.17035
2024-06-07 19:30:00+00:00,XAUUSD,buy,1.0,22.93060699495181,0.0,1.0,22.93060699495181,-22.93060699495181
2024-06-10 03:20:00+00:00,XAUUSD,sell,1.0,22.951835000000003,0.0,-1.0,-22.951835000000003,22.951835000000003
2024-06-10 06:40:00+00:00,XAUUSD,buy,1.0,22.89417479544776,0.0,1.0,22.89417479544776,-22.89417479544776
2024-06-10 18:45:00+00:00,XAUUSD,sell,1.0,23.102715,0.0,-1.0,-23.102715,23.102715
2024-06-10 19:00:00+00:00,XAUUSD,buy,1.0,23.11748090540478,0.0,1.0,23.11748090540478,-23.11748090540478
2024-06-11 01:00:00+00:00,XAUUSD,sell,1.0,23.08555,0.0,-1.0,-23.08555,23.08555
2024-06-11 01:50:00+00:00,XAUUSD,buy,1.0,23.046841775779928,0.0,1.0,23.046841775779928,-23.046841775779928
2024-06-11 22:25:00+00:00,XAUUSD,sell,1.0,23.15345,0.0,-1.0,-23.15345,23.15345
2024-06-11 22:45:00+00:00,XAUUSD,buy,1.0,23.175664212272583,0.0,1.0,23.175664212272583,-23.175664212272583
2024-06-12 03:50:00+00:00,XAUUSD,sell,1.0,23.143765,0.0,-1.0,-23.143765,23.143765
2024-06-12 06:15:00+00:00,XAUUSD,buy,1.0,23.166017629962493,0.0,1.0,23.166017629962493,-23.166017629962493
2024-06-12 06:55:00+00:00,XAUUSD,sell,1.0,23.149015,0.0,-1.0,-23.149015,23.149015
2024-06-12 12:30:00+00:00,XAUUSD,buy,1.0,23.17578742349101,0.0,1.0,23.17578742349101,-23.17578742349101
2024-06-13 08:05:00+00:00,XAUUSD,sell,1.0,23.1504,0.0,-1.0,-23.1504,23.1504
2024-06-13 10:20:00+00:00,XAUUSD,buy,1.0,23.190182945421004,0.0,1.0,23.190182945421004,-23.190182945421004
2024-06-13 22:35:00+00:00,XAUUSD,sell,1.0,23.031755,0.0,-1.0,-23.031755,23.031755
2024-06-14 00:30:00+00:00,XAUUSD,buy,1.0,23.042931271173146,0.0,1.0,23.042931271173146,-23.042931271173146
2024-06-14 16:00:00+00:00,XAUUSD,buy,1.0,23.285085,0.0,1.0,23.285085,-23.285085
2024-06-16 23:00:00+00:00,XAUUSD,sell,1.0,23.288245,0.0,-1.0,-23.288245,23.288245
2024-06-17 11:30:00+00:00,XAUUSD,sell,1.0,23.1809,0.0,-1.0,-23.1809,23.1809
2024-06-17 13:05:00+00:00,XAUUSD,buy,1.0,23.216427256071395,0.0,1.0,23.216427256071395,-23.216427256071395
2024-06-17 17:20:00+00:00,XAUUSD,sell,1.0,23.1586,0.0,-1.0,-23.1586,23.1586
2024-06-17 18:40:00+00:00,XAUUSD,buy,1.0,23.187424418823923,0.0,1.0,23.187424418823923,-23.187424418823923
2024-06-18 09:05:00+00:00,XAUUSD,buy,1.0,23.1344,0.0,1.0,23.1344,-23.1344
2024-06-18 10:25:00+00:00,XAUUSD,sell,1.0,23.10625300554328,0.0,-1.0,-23.10625300554328,23.10625300554328
2024-06-18 16:55:00+00:00,XAUUSD,buy,1.0,23.30325,0.0,1.0,23.30325,-23.30325
2024-06-18 22:55:00+00:00,XAUUSD,sell,1.0,23.283145,0.0,-1.0,-23.283145,23.283145
2024-06-19 03:10:00+00:00,XAUUSD,buy,1.0,23.316535,0.0,1.0,23.316535,-23.316535
2024-06-19 03:20:00+00:00,XAUUSD,sell,1.0,23.299910659210592,0.0,-1.0,-23.299910659210592,23.299910659210592
2024-06-19 16:50:00+00:00,XAUUSD,sell,1.0,23.296715,0.0,-1.0,-23.296715,23.296715
2024-06-19 22:50:00+00:00,XAUUSD,buy,1.0,23.30415,0.0,1.0,23.30415,-23.30415
2024-06-20 09:35:00+00:00,XAUUSD,buy,1.0,23.352685,0.0,1.0,23.352685,-23.352685
2024-06-20 11:40:00+00:00,XAUUSD,sell,1.0,23.41280871985898,0.0,-1.0,-23.41280871985898,23.41280871985898
2024-06-21 07:40:00+00:00,XAUUSD,buy,1.0,23.6068,0.0,1.0,23.6068,-23.6068
2024-06-21 13:25:00+00:00,XAUUSD,sell,1.0,23.54860721830658,0.0,-1.0,-23.54860721830658,23.54860721830658
2024-06-21 14:35:00+00:00,XAUUSD,buy,1.0,23.36665,0.0,1.0,23.36665,-23.36665
2024-06-21 15:15:00+00:00,XAUUSD,sell,1.0,23.2772245679178,0.0,-1.0,-23.2772245679178,23.2772245679178
2024-06-21 15:50:00+00:00,XAUUSD,buy,1.0,23.294165,0.0,1.0,23.294165,-23.294165
2024-06-21 16:10:00+00:00,XAUUSD,sell,1.0,23.24937068889245,0.0,-1.0,-23.24937068889245,23.24937068889245
2024-06-23 22:55:00+00:00,XAUUSD,sell,1.0,23.2161,0.0,-1.0,-23.2161,23.2161
2024-06-23 23:15:00+00:00,XAUUSD,buy,1.0,23.2013852016815,0.0,1.0,23.2013852016815,-23.2013852016815
2024-06-23 23:40:00+00:00,XAUUSD,sell,1.0,23.1951,0.0,-1.0,-23.1951,23.1951
2024-06-24 00:00:00+00:00,XAUUSD,buy,1.0,23.206840163291474,0.0,1.0,23.206840163291474,-23.206840163291474
2024-06-24 08:05:00+00:00,XAUUSD,sell,1.0,23.3057,0.0,-1.0,-23.3057,23.3057
2024-06-24 09:05:00+00:00,XAUUSD,buy,1.0,23.27377883415532,0.0,1.0,23.27377883415532,-23.27377883415532
2024-06-24 09:30:00+00:00,XAUUSD,sell,1.0,23.2498,0.0,-1.0,-23.2498,23.2498
2024-06-24 13:25:00+00:00,XAUUSD,buy,1.0,23.312393360738337,0.0,1.0,23.312393360738337,-23.312393360738337
2024-06-25 12:35:00+00:00,XAUUSD,sell,1.0,23.26305,0.0,-1.0,-23.26305,23.26305
2024-06-25 15:30:00+00:00,XAUUSD,buy,1.0,23.17013584146563,0.0,1.0,23.17013584146563,-23.17013584146563
2024-06-27 14:00:00+00:00,XAUUSD,buy,1.0,23.2898,0.0,1.0,23.2898,-23.2898
2024-06-27 20:00:00+00:00,XAUUSD,sell,1.0,23.263935,0.0,-1.0,-23.263935,23.263935
2024-06-28 03:55:00+00:00,XAUUSD,buy,1.0,23.21845,0.0,1.0,23.21845,-23.21845
2024-06-28 04:00:00+00:00,XAUUSD,sell,1.0,23.208432933295622,0.0,-1.0,-23.208432933295622,23.208432933295622
2024-06-28 04:50:00+00:00,XAUUSD,buy,1.0,23.214135,0.0,1.0,23.214135,-23.214135
2024-06-28 05:30:00+00:00,XAUUSD,sell,1.0,23.24179244700373,0.0,-1.0,-23.24179244700373,23.24179244700373
2024-06-28 06:25:00+00:00,XAUUSD,buy,1.0,23.2767,0.0,1.0,23.2767,-23.2767
2024-06-28 06:40:00+00:00,XAUUSD,sell,1.0,23.254508339764865,0.0,-1.0,-23.254508339764865,23.254508339764865
